vehicle_id,depart,arrival,duration,routeLength,waitingTime,waitingCount,timeLoss,departDelay
1,2.0,34.0,32.0,244.4,1.0,1,16.06,0.0
4,8.0,46.0,38.0,443.4,0.0,0,16.26,0.0
3,6.0,57.0,51.0,458.25,5.0,2,27.11,0.0
0,0.0,59.0,59.0,633.03,6.0,1,28.68,0.0
20,40.0,63.0,23.0,172.62,0.0,0,11.95,0.0
15,30.0,70.0,40.0,212.81,10.0,1,27.47,0.0
12,24.0,72.0,48.0,537.11,0.0,0,18.28,0.0
24,49.0,73.0,24.0,148.93,1.0,1,12.61,1.0
34,68.0,74.0,6.0,30.77,0.0,0,4.34,0.0
5,11.0,76.0,65.0,670.71,1.0,1,27.59,1.0
30,60.0,77.0,17.0,222.76,0.0,0,8.32,0.0
7,14.0,78.0,64.0,675.22,0.0,0,28.55,0.0
14,28.0,78.0,50.0,568.8,0.0,0,9.45,0.0
19,38.0,79.0,41.0,480.98,0.0,0,18.21,0.0
13,26.0,81.0,55.0,487.99,3.0,1,30.48,0.0
16,32.0,84.0,52.0,567.72,0.0,0,7.33,0.0
6,12.0,85.0,73.0,689.48,3.0,1,25.51,0.0
22,44.0,94.0,50.0,537.11,0.0,0,19.97,0.0
17,34.0,95.0,61.0,537.52,9.0,1,29.8,0.0
32,64.0,95.0,31.0,478.35,0.0,0,6.19,0.0
28,56.0,98.0,42.0,351.67,0.0,0,22.69,0.0
29,58.0,99.0,41.0,473.85,0.0,0,13.3,0.0
9,18.0,100.0,82.0,654.89,1.0,1,29.74,0.0
26,52.0,101.0,49.0,415.3,0.0,0,12.32,0.0
38,77.0,102.0,25.0,303.57,0.0,0,8.84,1.0
10,20.0,103.0,83.0,689.48,10.0,1,37.01,0.0
33,66.0,103.0,37.0,387.04,0.0,0,8.46,0.0
2,4.0,104.0,100.0,1268.16,0.0,0,17.12,0.0
27,57.0,106.0,49.0,504.94,2.0,1,23.03,3.0
43,86.0,108.0,22.0,222.93,0.0,0,9.41,0.0
25,50.0,110.0,60.0,668.27,0.0,0,8.27,0.0
21,42.0,112.0,70.0,655.48,1.0,1,24.6,0.0
40,80.0,115.0,35.0,244.03,0.0,0,19.32,0.0
41,82.0,118.0,36.0,244.4,4.0,2,21.12,0.0
11,22.0,123.0,101.0,1367.22,2.0,1,22.25,0.0
57,114.0,123.0,9.0,59.62,0.0,0,4.31,0.0
31,62.0,124.0,62.0,458.67,5.0,1,39.06,0.0
36,73.0,124.0,51.0,381.07,7.0,1,24.74,1.0
44,88.0,124.0,36.0,321.99,0.0,0,13.82,0.0
37,74.0,125.0,51.0,494.38,5.0,1,28.36,0.0
45,90.0,127.0,37.0,440.51,0.0,0,14.96,0.0
51,102.0,127.0,25.0,108.27,8.0,1,19.87,0.0
8,16.0,129.0,113.0,1122.71,0.0,0,27.34,0.0
53,106.0,132.0,26.0,344.55,0.0,0,5.99,0.0
35,70.0,133.0,63.0,761.05,0.0,0,11.75,0.0
42,84.0,137.0,53.0,494.38,1.0,1,28.14,0.0
47,96.0,139.0,43.0,400.19,0.0,0,8.62,2.0
67,136.0,143.0,7.0,52.78,0.0,0,2.85,2.0
50,100.0,146.0,46.0,494.38,0.0,0,14.73,0.0
48,96.0,150.0,54.0,473.85,7.0,1,24.34,0.0
60,120.0,150.0,30.0,326.93,0.0,0,8.73,0.0
74,148.0,151.0,3.0,6.34,0.0,0,1.77,0.0
18,36.0,154.0,118.0,1260.1,0.0,0,20.95,0.0
49,98.0,157.0,59.0,514.38,2.0,1,23.73,0.0
54,109.0,159.0,50.0,394.2,4.0,1,28.33,1.0
59,118.0,160.0,42.0,346.58,0.0,0,17.53,0.0
62,124.0,165.0,41.0,473.85,0.0,0,15.19,0.0
71,142.0,165.0,23.0,259.31,0.0,0,8.73,0.0
68,136.0,166.0,30.0,212.81,2.0,1,18.94,0.0
66,143.0,167.0,24.0,170.45,0.0,0,4.73,11.0
64,129.0,173.0,44.0,392.94,0.0,0,10.04,1.0
69,138.0,173.0,35.0,431.12,0.0,0,13.76,0.0
63,126.0,175.0,49.0,567.72,0.0,0,9.44,0.0
39,78.0,184.0,106.0,1275.88,0.0,0,12.89,0.0
73,146.0,184.0,38.0,432.0,0.0,0,12.12,0.0
55,110.0,185.0,75.0,824.31,0.0,0,18.03,0.0
70,141.0,186.0,45.0,572.01,0.0,0,14.25,1.0
80,160.0,190.0,30.0,41.19,19.0,1,26.01,0.0
23,46.0,191.0,145.0,1552.56,0.0,0,28.91,0.0
46,92.0,192.0,100.0,1268.16,0.0,0,17.24,0.0
85,170.0,198.0,28.0,358.82,0.0,0,10.31,0.0
61,122.0,199.0,77.0,1046.09,0.0,0,11.26,0.0
72,145.0,199.0,54.0,633.03,0.0,0,18.93,1.0
86,172.0,199.0,27.0,259.95,0.0,0,13.82,0.0
87,174.0,203.0,29.0,344.55,0.0,0,7.96,0.0
95,190.0,203.0,13.0,137.55,0.0,0,4.51,0.0
75,150.0,208.0,58.0,281.06,24.0,1,40.4,0.0
76,152.0,212.0,60.0,574.0,0.0,0,21.39,0.0
56,112.0,215.0,103.0,1275.88,0.0,0,9.58,0.0
58,116.0,216.0,100.0,1275.88,0.0,0,17.92,0.0
94,190.0,219.0,29.0,424.73,0.0,0,11.43,2.0
89,178.0,221.0,43.0,456.8,2.0,1,20.86,0.0
91,182.0,223.0,41.0,381.07,0.0,0,12.78,0.0
100,200.0,224.0,24.0,418.76,0.0,0,6.17,0.0
78,156.0,225.0,69.0,689.16,9.0,1,33.21,0.0
83,166.0,225.0,59.0,700.79,0.0,0,10.43,0.0
109,218.0,225.0,7.0,46.45,0.0,0,3.94,0.0
93,187.0,226.0,39.0,259.95,4.0,1,23.73,1.0
79,158.0,227.0,69.0,514.38,9.0,2,42.23,0.0
84,168.0,227.0,59.0,689.48,0.0,0,15.38,0.0
52,104.0,229.0,125.0,1496.43,0.0,0,27.47,0.0
81,162.0,230.0,68.0,689.16,4.0,1,32.19,0.0
65,130.0,235.0,105.0,1069.93,0.0,0,16.77,0.0
92,184.0,235.0,51.0,456.8,6.0,1,23.72,0.0
90,180.0,237.0,57.0,555.96,0.0,0,16.82,0.0
97,194.0,238.0,44.0,384.6,3.0,1,20.8,0.0
101,202.0,244.0,42.0,464.67,0.0,0,14.65,0.0
82,164.0,246.0,82.0,1135.02,0.0,0,15.39,0.0
106,214.0,247.0,33.0,236.9,0.0,0,16.56,2.0
113,227.0,248.0,21.0,180.56,0.0,0,9.56,1.0
99,200.0,249.0,49.0,468.9,0.0,0,16.66,2.0
104,208.0,250.0,42.0,368.61,1.0,1,7.72,0.0
114,228.0,256.0,28.0,222.93,1.0,1,15.99,0.0
88,176.0,260.0,84.0,1046.09,0.0,0,10.2,0.0
96,192.0,264.0,72.0,824.31,0.0,0,16.41,0.0
77,154.0,266.0,112.0,1419.58,0.0,0,25.2,0.0
130,264.0,266.0,2.0,5.45,0.0,0,1.76,4.0
122,244.0,267.0,23.0,259.31,0.0,0,9.21,0.0
108,216.0,270.0,54.0,507.4,1.0,1,25.42,0.0
115,230.0,275.0,45.0,517.88,1.0,1,17.55,0.0
111,222.0,276.0,54.0,568.8,0.0,0,7.92,0.0
121,242.0,278.0,36.0,283.11,0.0,0,18.68,0.0
128,256.0,280.0,24.0,418.76,0.0,0,6.59,0.0
107,214.0,284.0,70.0,563.46,2.0,1,27.88,0.0
133,266.0,284.0,18.0,251.05,0.0,0,6.79,0.0
98,196.0,285.0,89.0,1373.21,0.0,0,10.12,0.0
110,220.0,289.0,69.0,440.51,23.0,2,43.35,0.0
125,250.0,293.0,43.0,369.29,0.0,0,23.72,0.0
105,210.0,294.0,84.0,1190.75,0.0,0,13.47,0.0
131,262.0,295.0,33.0,328.84,0.0,0,15.17,0.0
118,236.0,299.0,63.0,362.46,10.0,2,41.17,0.0
102,204.0,301.0,97.0,1275.88,0.0,0,10.07,0.0
127,254.0,305.0,51.0,486.97,0.0,0,8.72,0.0
120,240.0,307.0,67.0,649.67,1.0,1,17.58,0.0
112,224.0,313.0,89.0,561.05,26.0,3,64.97,0.0
136,272.0,316.0,44.0,515.16,0.0,0,20.28,0.0
117,234.0,320.0,86.0,447.92,23.0,4,64.6,0.0
103,206.0,323.0,117.0,1256.94,12.0,1,32.03,0.0
142,284.0,324.0,40.0,309.74,1.0,1,20.47,0.0
124,248.0,328.0,80.0,567.5,29.0,1,51.35,0.0
116,232.0,329.0,97.0,652.69,30.0,3,65.45,0.0
145,290.0,329.0,39.0,163.29,11.0,2,24.81,0.0
132,264.0,331.0,67.0,471.65,14.0,2,41.07,0.0
126,252.0,333.0,81.0,689.16,21.0,2,45.84,0.0
138,276.0,333.0,57.0,466.59,10.0,1,30.04,0.0
156,312.0,335.0,23.0,296.71,0.0,0,3.59,0.0
139,278.0,338.0,60.0,633.03,4.0,2,26.05,0.0
144,289.0,342.0,53.0,580.28,0.0,0,14.12,1.0
140,280.0,344.0,64.0,482.11,11.0,1,30.22,0.0
141,282.0,344.0,62.0,786.73,0.0,0,16.48,0.0
152,341.0,350.0,9.0,21.78,4.0,1,7.28,37.0
134,268.0,353.0,85.0,321.95,41.0,2,68.33,0.0
123,246.0,354.0,108.0,689.48,34.0,2,58.54,0.0
176,353.0,354.0,1.0,0.0,0.0,0,0.92,1.0
149,298.0,357.0,59.0,484.28,1.0,1,33.4,0.0
165,330.0,359.0,29.0,358.82,0.0,0,10.45,0.0
163,327.0,361.0,34.0,344.55,2.0,1,13.63,1.0
135,270.0,364.0,94.0,381.07,40.0,2,68.33,0.0
162,324.0,364.0,40.0,473.85,0.0,0,13.94,0.0
129,258.0,368.0,110.0,1367.22,11.0,1,30.42,0.0
148,296.0,370.0,74.0,415.3,18.0,2,38.65,0.0
157,314.0,373.0,59.0,761.05,0.0,0,10.78,0.0
177,354.0,376.0,22.0,254.88,0.0,0,9.28,0.0
169,338.0,378.0,40.0,406.67,0.0,0,6.83,0.0
155,310.0,379.0,69.0,614.46,15.0,1,33.78,0.0
147,294.0,380.0,86.0,1141.42,0.0,0,16.88,0.0
173,346.0,380.0,34.0,223.08,1.0,1,20.77,0.0
180,361.0,381.0,20.0,236.58,0.0,0,9.85,1.0
154,308.0,384.0,76.0,346.58,20.0,3,53.25,0.0
119,238.0,385.0,147.0,1496.43,15.0,2,53.58,0.0
185,370.0,388.0,18.0,108.27,3.0,1,11.63,0.0
143,286.0,391.0,105.0,976.36,27.0,2,49.25,0.0
150,300.0,391.0,91.0,480.61,17.0,3,61.34,0.0
158,316.0,392.0,76.0,346.58,17.0,2,51.04,0.0
193,389.0,392.0,3.0,6.34,0.0,0,1.77,3.0
137,274.0,398.0,124.0,1431.12,0.0,0,19.54,0.0
167,334.0,400.0,66.0,318.51,13.0,4,46.53,0.0
188,378.0,400.0,22.0,278.16,1.0,1,6.14,2.0
184,369.0,405.0,36.0,384.6,0.0,0,14.75,1.0
161,322.0,406.0,84.0,824.31,7.0,1,32.07,0.0
174,348.0,406.0,58.0,554.83,0.0,0,5.67,0.0
190,380.0,407.0,27.0,418.76,0.0,0,5.27,0.0
159,318.0,412.0,94.0,976.36,13.0,2,39.29,0.0
181,362.0,416.0,54.0,554.83,0.0,0,4.81,0.0
186,372.0,419.0,47.0,567.72,0.0,0,10.3,0.0
160,320.0,420.0,100.0,1200.54,0.0,0,16.74,0.0
164,328.0,420.0,92.0,889.67,1.0,1,34.66,0.0
151,302.0,431.0,129.0,1508.95,2.0,2,30.88,0.0
153,306.0,436.0,130.0,689.48,33.0,2,76.1,0.0
168,336.0,436.0,100.0,1373.21,0.0,0,9.86,0.0
171,342.0,437.0,95.0,1046.09,0.0,0,11.45,0.0
195,390.0,437.0,47.0,275.88,2.0,1,28.51,0.0
179,358.0,438.0,80.0,689.48,2.0,1,32.78,0.0
204,408.0,439.0,31.0,253.84,3.0,1,18.84,0.0
166,332.0,441.0,109.0,1423.35,6.0,1,25.35,0.0
175,350.0,443.0,93.0,1046.09,0.0,0,11.58,0.0
183,366.0,443.0,77.0,792.69,1.0,1,29.67,0.0
170,340.0,448.0,108.0,1423.35,2.0,1,30.65,0.0
196,392.0,449.0,57.0,416.38,10.0,1,23.04,0.0
172,344.0,450.0,106.0,1093.29,0.0,0,18.91,0.0
205,410.0,452.0,42.0,265.59,6.0,1,26.39,0.0
194,388.0,456.0,68.0,646.43,4.0,2,35.81,0.0
220,446.0,458.0,12.0,57.02,0.0,0,7.88,6.0
197,394.0,459.0,65.0,542.41,0.0,0,16.93,0.0
200,400.0,459.0,59.0,554.83,0.0,0,5.95,0.0
192,384.0,460.0,76.0,792.69,0.0,0,29.84,0.0
201,402.0,460.0,58.0,425.32,6.0,1,27.86,0.0
189,378.0,461.0,83.0,689.16,8.0,2,45.25,0.0
207,414.0,462.0,48.0,481.85,0.0,0,11.14,0.0
203,408.0,464.0,56.0,473.27,2.0,2,32.39,2.0
215,430.0,465.0,35.0,251.78,12.0,1,23.7,0.0
218,436.0,465.0,29.0,234.27,5.0,1,16.89,0.0
146,292.0,469.0,177.0,1251.16,47.0,2,79.94,0.0
208,416.0,469.0,53.0,461.63,4.0,2,16.48,0.0
212,424.0,469.0,45.0,346.58,0.0,0,21.91,0.0
214,428.0,470.0,42.0,281.06,6.0,1,21.2,0.0
202,404.0,471.0,67.0,689.48,0.0,0,18.03,0.0
182,364.0,473.0,109.0,1249.74,0.0,0,18.47,0.0
206,412.0,473.0,61.0,418.76,13.0,2,41.22,0.0
187,374.0,475.0,101.0,1200.54,0.0,0,17.6,0.0
198,396.0,478.0,82.0,1046.09,0.0,0,11.4,0.0
235,470.0,483.0,13.0,137.55,0.0,0,3.65,0.0
210,421.0,484.0,63.0,440.51,11.0,2,42.0,1.0
191,382.0,485.0,103.0,1380.62,0.0,0,16.67,0.0
217,434.0,486.0,52.0,554.83,0.0,0,5.16,0.0
233,466.0,494.0,28.0,478.35,0.0,0,6.52,0.0
239,478.0,494.0,16.0,116.96,0.0,0,10.02,0.0
213,426.0,495.0,69.0,689.16,4.0,1,36.42,0.0
229,458.0,495.0,37.0,420.43,0.0,0,15.69,0.0
240,480.0,498.0,18.0,145.53,0.0,0,8.53,0.0
211,422.0,499.0,77.0,590.24,14.0,3,47.77,0.0
222,444.0,500.0,56.0,242.32,21.0,1,38.07,0.0
178,356.0,503.0,147.0,1552.56,0.0,0,52.04,0.0
225,450.0,505.0,55.0,481.85,0.0,0,17.47,0.0
216,432.0,506.0,74.0,824.31,0.0,0,16.03,0.0
228,456.0,508.0,52.0,443.4,12.0,1,30.41,0.0
246,492.0,508.0,16.0,165.77,0.0,0,4.46,0.0
199,398.0,510.0,112.0,1386.97,0.0,0,16.8,0.0
237,474.0,511.0,37.0,417.72,0.0,0,12.52,0.0
219,438.0,515.0,77.0,824.31,0.0,0,15.12,0.0
226,454.0,515.0,61.0,517.88,5.0,2,39.83,2.0
230,460.0,516.0,56.0,297.66,19.0,2,40.62,0.0
234,468.0,519.0,51.0,393.1,0.0,0,23.88,0.0
232,464.0,521.0,57.0,554.83,0.0,0,5.0,0.0
209,418.0,522.0,104.0,792.69,14.0,2,51.98,0.0
231,463.0,529.0,66.0,776.17,1.0,1,18.98,1.0
243,486.0,530.0,44.0,494.38,0.0,0,18.21,0.0
224,449.0,532.0,83.0,1018.63,0.0,0,11.54,1.0
248,496.0,535.0,39.0,385.94,0.0,0,14.34,0.0
244,488.0,540.0,52.0,537.11,0.0,0,22.49,0.0
259,518.0,542.0,24.0,349.81,0.0,0,4.63,0.0
262,524.0,550.0,26.0,290.52,0.0,0,10.85,0.0
252,504.0,554.0,50.0,568.8,0.0,0,9.24,0.0
236,472.0,555.0,83.0,1178.82,0.0,0,16.37,0.0
253,507.0,556.0,49.0,567.72,0.0,0,8.74,1.0
242,484.0,559.0,75.0,689.48,3.0,1,23.44,0.0
257,516.0,560.0,44.0,568.8,0.0,0,12.68,2.0
238,476.0,566.0,90.0,1380.62,0.0,0,16.38,0.0
256,513.0,571.0,58.0,646.43,0.0,0,24.14,1.0
223,446.0,572.0,126.0,1432.2,1.0,1,25.64,0.0
266,532.0,574.0,42.0,337.01,2.0,1,22.75,0.0
268,540.0,576.0,36.0,351.83,0.0,0,5.66,4.0
250,500.0,577.0,77.0,609.96,8.0,3,40.37,0.0
278,556.0,579.0,23.0,195.53,0.0,0,7.99,0.0
251,502.0,582.0,80.0,824.31,0.0,0,15.72,0.0
265,530.0,586.0,56.0,659.1,0.0,0,9.59,0.0
267,534.0,587.0,53.0,419.29,0.0,0,18.99,0.0
281,562.0,587.0,25.0,424.73,0.0,0,6.73,0.0
249,498.0,588.0,90.0,1386.97,0.0,0,19.54,0.0
273,546.0,589.0,43.0,346.58,0.0,0,19.86,0.0
272,544.0,592.0,48.0,417.61,11.0,1,28.89,0.0
275,551.0,593.0,42.0,474.05,0.0,0,16.67,1.0
227,454.0,594.0,140.0,1552.56,4.0,2,47.24,0.0
258,516.0,596.0,80.0,707.71,5.0,1,31.57,0.0
269,538.0,596.0,58.0,445.09,5.0,1,38.3,0.0
263,526.0,597.0,71.0,670.71,8.0,2,39.35,0.0
270,540.0,597.0,57.0,536.74,2.0,1,24.58,0.0
289,578.0,599.0,21.0,254.88,0.0,0,10.44,0.0
291,582.0,600.0,18.0,222.95,0.0,0,6.99,0.0
282,564.0,603.0,39.0,227.24,4.0,1,17.52,0.0
294,588.0,606.0,18.0,187.03,0.0,0,9.22,0.0
274,548.0,613.0,65.0,700.79,0.0,0,9.09,0.0
255,510.0,614.0,104.0,976.36,0.0,0,15.95,0.0
280,560.0,614.0,54.0,633.03,0.0,0,21.05,0.0
285,570.0,614.0,44.0,484.63,0.0,0,18.13,0.0
254,508.0,615.0,107.0,1386.97,0.0,0,17.08,0.0
264,528.0,615.0,87.0,1200.54,1.0,1,20.65,0.0
293,586.0,615.0,29.0,251.99,0.0,0,14.88,0.0
245,490.0,616.0,126.0,786.03,34.0,2,72.0,0.0
221,442.0,618.0,176.0,1839.76,7.0,3,63.35,0.0
288,576.0,618.0,42.0,486.97,0.0,0,10.1,0.0
290,580.0,620.0,40.0,456.8,0.0,0,15.26,0.0
276,552.0,621.0,69.0,603.88,0.0,0,6.18,0.0
247,494.0,626.0,132.0,1431.12,0.0,0,30.56,0.0
286,577.0,629.0,52.0,432.84,8.0,1,28.43,5.0
295,591.0,632.0,41.0,456.8,2.0,1,17.63,1.0
307,614.0,632.0,18.0,155.41,0.0,0,7.75,0.0
298,597.0,635.0,38.0,396.45,0.0,0,17.02,1.0
283,566.0,639.0,73.0,655.48,7.0,1,27.68,0.0
284,568.0,641.0,73.0,494.01,9.0,2,35.58,0.0
300,600.0,641.0,41.0,381.07,0.0,0,16.95,0.0
287,575.0,642.0,67.0,596.37,5.0,1,18.16,1.0
241,482.0,644.0,162.0,1839.76,0.0,0,33.92,0.0
314,628.0,644.0,16.0,241.29,0.0,0,5.61,0.0
297,594.0,645.0,51.0,568.8,0.0,0,10.46,0.0
277,554.0,646.0,92.0,1419.58,0.0,0,22.42,0.0
302,604.0,655.0,51.0,633.03,0.0,0,17.6,0.0
292,584.0,658.0,74.0,1121.95,0.0,0,11.54,0.0
308,616.0,658.0,42.0,394.02,0.0,0,9.19,0.0
306,612.0,661.0,49.0,633.03,0.0,0,17.55,0.0
313,626.0,664.0,38.0,347.85,3.0,1,20.42,0.0
311,622.0,666.0,44.0,415.3,1.0,1,13.06,0.0
315,630.0,667.0,37.0,417.14,0.0,0,16.88,0.0
316,632.0,667.0,35.0,266.23,4.0,1,17.7,0.0
260,520.0,676.0,156.0,1122.71,24.0,2,48.96,0.0
301,602.0,677.0,75.0,792.69,0.0,0,21.51,0.0
310,620.0,677.0,57.0,668.27,0.0,0,7.62,0.0
303,606.0,678.0,72.0,484.63,28.0,1,47.28,0.0
305,610.0,678.0,68.0,501.42,10.0,1,30.28,0.0
317,634.0,680.0,46.0,486.97,0.0,0,10.13,0.0
328,656.0,681.0,25.0,424.73,0.0,0,5.29,0.0
318,636.0,684.0,48.0,504.94,1.0,1,27.61,0.0
296,592.0,688.0,96.0,1200.54,4.0,1,28.77,0.0
325,650.0,689.0,39.0,473.85,0.0,0,13.58,0.0
322,644.0,691.0,47.0,480.61,0.0,0,15.26,0.0
320,640.0,694.0,54.0,668.27,1.0,1,15.39,0.0
331,663.0,696.0,33.0,478.35,0.0,0,8.99,1.0
339,678.0,697.0,19.0,336.92,0.0,0,6.0,0.0
330,660.0,698.0,38.0,481.79,0.0,0,12.55,0.0
279,558.0,703.0,145.0,1122.71,27.0,3,62.14,0.0
350,701.0,704.0,3.0,9.61,0.0,0,2.41,1.0
332,664.0,706.0,42.0,462.56,0.0,0,20.95,0.0
333,666.0,707.0,41.0,423.11,0.0,0,17.63,0.0
336,675.0,707.0,32.0,374.31,0.0,0,14.27,3.0
343,686.0,708.0,22.0,336.92,0.0,0,5.14,0.0
304,608.0,709.0,101.0,1373.21,0.0,0,10.29,0.0
323,646.0,709.0,63.0,659.1,0.0,0,9.05,0.0
335,670.0,710.0,40.0,449.58,0.0,0,13.68,0.0
319,638.0,711.0,73.0,761.05,5.0,1,27.03,0.0
326,652.0,712.0,60.0,548.96,0.0,0,17.65,0.0
329,658.0,717.0,59.0,325.93,23.0,1,37.01,0.0
312,624.0,718.0,94.0,1423.35,0.0,0,18.54,0.0
346,692.0,718.0,26.0,324.6,0.0,0,11.84,0.0
261,523.0,719.0,196.0,1509.83,28.0,2,108.78,1.0
309,618.0,720.0,102.0,792.69,16.0,2,54.27,0.0
353,719.0,724.0,5.0,21.78,0.0,0,3.28,13.0
271,542.0,730.0,188.0,1509.83,29.0,3,73.23,0.0
324,648.0,733.0,85.0,976.36,0.0,0,18.12,0.0
342,684.0,734.0,50.0,274.6,12.0,2,33.97,0.0
341,696.0,737.0,41.0,445.26,0.0,0,13.09,14.0
340,680.0,738.0,58.0,480.61,7.0,1,32.82,0.0
361,722.0,738.0,16.0,225.6,0.0,0,4.42,0.0
337,674.0,740.0,66.0,689.48,0.0,0,15.77,0.0
349,698.0,743.0,45.0,532.91,0.0,0,17.13,0.0
360,720.0,744.0,24.0,282.28,0.0,0,9.4,0.0
358,716.0,746.0,30.0,347.85,0.0,0,13.4,0.0
356,712.0,748.0,36.0,440.51,0.0,0,11.58,0.0
354,708.0,750.0,42.0,431.12,4.0,1,19.65,0.0
355,710.0,752.0,42.0,310.12,1.0,1,27.45,0.0
362,724.0,752.0,28.0,315.55,0.0,0,12.23,0.0
364,728.0,753.0,25.0,424.73,0.0,0,5.76,0.0
348,696.0,757.0,61.0,540.68,4.0,1,31.76,0.0
347,694.0,760.0,66.0,416.38,7.0,1,23.43,0.0
351,702.0,769.0,67.0,554.83,0.0,0,5.74,0.0
299,598.0,770.0,172.0,1839.76,20.0,2,59.86,0.0
372,744.0,771.0,27.0,318.18,0.0,0,10.15,0.0
363,726.0,773.0,47.0,473.85,2.0,1,18.6,0.0
345,691.0,775.0,84.0,1091.46,0.0,0,12.9,1.0
376,752.0,775.0,23.0,259.31,0.0,0,9.13,0.0
370,740.0,777.0,37.0,315.55,5.0,1,19.54,0.0
368,736.0,778.0,42.0,532.91,0.0,0,20.28,0.0
365,730.0,779.0,49.0,265.59,8.0,2,34.46,0.0
369,738.0,789.0,51.0,537.52,0.0,0,21.97,0.0
367,734.0,790.0,56.0,536.74,3.0,1,24.69,0.0
352,704.0,791.0,87.0,1046.09,0.0,0,10.9,0.0
344,688.0,794.0,106.0,1423.35,0.0,0,20.02,0.0
327,654.0,796.0,142.0,1710.55,6.0,1,26.23,0.0
377,754.0,797.0,43.0,480.98,0.0,0,17.64,0.0
321,642.0,800.0,158.0,1431.12,11.0,1,36.91,0.0
388,776.0,800.0,24.0,247.79,0.0,0,11.24,0.0
334,668.0,803.0,135.0,1384.74,10.0,1,55.43,0.0
371,742.0,807.0,65.0,536.74,1.0,1,30.97,0.0
366,732.0,816.0,84.0,976.36,5.0,1,27.4,0.0
390,780.0,818.0,38.0,338.68,0.0,0,17.93,0.0
382,764.0,819.0,55.0,328.4,9.0,1,30.81,0.0
357,714.0,826.0,112.0,1423.35,2.0,1,23.7,0.0
374,748.0,828.0,80.0,563.46,13.0,2,34.02,0.0
386,772.0,828.0,56.0,659.1,0.0,0,10.87,0.0
378,756.0,831.0,75.0,614.46,8.0,3,31.77,0.0
379,759.0,833.0,74.0,670.71,4.0,2,37.86,1.0
391,782.0,833.0,51.0,554.83,0.0,0,5.09,0.0
373,751.0,837.0,86.0,801.58,1.0,1,23.24,5.0
399,798.0,840.0,42.0,415.3,0.0,0,9.93,0.0
387,774.0,841.0,67.0,655.48,0.0,0,16.06,0.0
397,794.0,843.0,49.0,659.1,0.0,0,8.9,0.0
403,806.0,846.0,40.0,362.52,1.0,1,20.38,0.0
405,810.0,848.0,38.0,280.84,0.0,0,13.4,0.0
417,834.0,849.0,15.0,151.17,0.0,0,8.15,0.0
400,800.0,852.0,52.0,443.4,11.0,1,29.37,0.0
381,762.0,853.0,91.0,976.36,5.0,2,26.9,0.0
385,770.0,853.0,83.0,440.51,35.0,1,60.88,0.0
375,750.0,854.0,104.0,1046.09,0.0,0,12.84,0.0
412,824.0,858.0,34.0,325.93,1.0,1,13.19,0.0
359,718.0,861.0,143.0,1432.2,0.0,0,19.2,0.0
407,817.0,861.0,44.0,285.52,2.0,1,23.14,3.0
418,836.0,865.0,29.0,358.82,0.0,0,9.45,0.0
408,816.0,867.0,51.0,494.38,0.0,0,25.69,0.0
396,792.0,869.0,77.0,655.48,2.0,2,30.56,0.0
406,812.0,869.0,57.0,537.11,3.0,1,25.86,0.0
421,842.0,869.0,27.0,325.93,0.0,0,8.09,0.0
338,676.0,870.0,194.0,1839.76,25.0,2,60.85,0.0
392,784.0,871.0,87.0,609.96,26.0,2,51.5,0.0
394,788.0,871.0,83.0,976.36,2.0,2,30.14,0.0
428,857.0,873.0,16.0,200.19,0.0,0,6.41,1.0
398,796.0,875.0,79.0,1200.54,1.0,1,19.5,0.0
419,838.0,875.0,37.0,265.01,8.0,1,25.44,0.0
409,818.0,883.0,65.0,655.48,0.0,0,17.95,0.0
414,828.0,883.0,55.0,659.1,0.0,0,10.56,0.0
404,808.0,886.0,78.0,1046.09,0.0,0,10.38,0.0
422,844.0,886.0,42.0,369.29,0.0,0,18.4,0.0
383,766.0,887.0,121.0,1122.71,1.0,1,49.43,0.0
402,804.0,896.0,92.0,1200.54,0.0,0,18.59,0.0
424,848.0,899.0,51.0,689.94,0.0,0,16.67,0.0
420,840.0,901.0,61.0,344.16,13.0,1,38.74,0.0
427,854.0,902.0,48.0,567.72,0.0,0,10.92,0.0
426,852.0,904.0,52.0,668.27,0.0,0,9.56,0.0
423,848.0,906.0,58.0,464.4,0.0,0,32.37,2.0
437,874.0,908.0,34.0,297.53,0.0,0,17.02,0.0
435,870.0,916.0,46.0,537.11,0.0,0,18.62,0.0
438,876.0,920.0,44.0,416.38,0.0,0,13.25,0.0
389,778.0,921.0,143.0,572.01,86.0,2,109.17,0.0
453,906.0,921.0,15.0,197.94,0.0,0,5.23,0.0
413,827.0,923.0,96.0,823.94,1.0,1,23.54,1.0
411,822.0,928.0,106.0,572.01,50.0,1,73.92,0.0
384,769.0,929.0,160.0,1552.56,1.0,1,66.59,1.0
433,866.0,930.0,64.0,668.27,10.0,1,21.35,0.0
446,893.0,938.0,45.0,346.58,0.0,0,22.65,1.0
439,878.0,939.0,61.0,554.83,0.0,0,6.43,0.0
430,860.0,940.0,80.0,531.25,32.0,2,48.7,0.0
444,888.0,943.0,55.0,614.46,0.0,0,12.94,0.0
445,890.0,946.0,56.0,416.38,4.0,1,18.96,0.0
431,862.0,948.0,86.0,265.59,41.0,2,66.59,0.0
456,912.0,950.0,38.0,428.55,0.0,0,8.33,0.0
459,918.0,955.0,37.0,325.93,0.0,0,11.41,0.0
448,896.0,956.0,60.0,659.1,0.0,0,9.28,0.0
440,880.0,957.0,77.0,609.96,16.0,2,39.38,0.0
380,760.0,960.0,200.0,1839.76,6.0,3,48.64,0.0
432,864.0,960.0,96.0,1177.27,2.0,1,26.92,0.0
450,900.0,961.0,61.0,661.51,0.0,0,16.89,0.0
454,908.0,962.0,54.0,567.72,0.0,0,8.67,0.0
465,930.0,962.0,32.0,295.82,0.0,0,15.57,0.0
393,786.0,963.0,177.0,1839.76,19.0,1,61.87,0.0
464,929.0,963.0,34.0,478.35,0.0,0,13.75,1.0
457,914.0,964.0,50.0,537.52,0.0,0,24.33,0.0
395,790.0,967.0,177.0,1432.2,47.0,2,83.63,0.0
443,886.0,967.0,81.0,265.59,35.0,2,67.83,0.0
441,882.0,972.0,90.0,1141.42,0.0,0,15.53,0.0
447,894.0,972.0,78.0,1190.75,0.0,0,14.63,0.0
434,868.0,973.0,105.0,1183.77,0.0,0,11.89,0.0
471,942.0,973.0,31.0,347.85,0.0,0,10.77,0.0
463,926.0,978.0,52.0,689.94,0.0,0,22.98,0.0
476,952.0,980.0,28.0,194.77,0.0,0,14.82,0.0
449,898.0,982.0,84.0,1275.88,0.0,0,9.5,0.0
485,970.0,986.0,16.0,225.6,0.0,0,5.78,0.0
436,872.0,987.0,115.0,468.9,42.0,3,73.97,0.0
401,802.0,988.0,186.0,1431.12,38.0,3,83.81,0.0
469,939.0,990.0,51.0,537.11,0.0,0,16.84,1.0
451,902.0,996.0,94.0,670.71,37.0,1,60.05,0.0
484,968.0,996.0,28.0,325.93,0.0,0,8.24,0.0
473,946.0,997.0,51.0,567.72,0.0,0,12.58,0.0
461,922.0,998.0,76.0,494.01,19.0,1,45.79,0.0
410,820.0,1000.0,180.0,1509.83,38.0,4,90.73,0.0
416,833.0,1002.0,169.0,1086.35,58.0,7,100.33,1.0
452,904.0,1003.0,99.0,1367.22,0.0,0,16.86,0.0
481,962.0,1003.0,41.0,346.58,0.0,0,18.45,0.0
455,910.0,1016.0,106.0,1367.22,0.0,0,14.88,0.0
468,936.0,1018.0,82.0,1046.09,0.0,0,11.71,0.0
489,978.0,1018.0,40.0,431.12,1.0,1,16.9,0.0
462,924.0,1020.0,96.0,670.71,34.0,2,65.36,0.0
479,958.0,1024.0,66.0,344.55,32.0,1,42.84,0.0
490,980.0,1026.0,46.0,537.11,0.0,0,18.16,0.0
501,1002.0,1026.0,24.0,187.57,0.0,0,11.64,0.0
483,966.0,1027.0,61.0,349.33,15.0,3,39.92,0.0
493,986.0,1027.0,41.0,166.94,9.0,1,30.9,0.0
502,1004.0,1030.0,26.0,309.1,0.0,0,10.01,0.0
458,916.0,1032.0,116.0,1367.22,0.0,0,15.31,0.0
497,994.0,1032.0,38.0,387.76,1.0,1,16.14,0.0
470,940.0,1034.0,94.0,1373.21,0.0,0,8.75,0.0
415,830.0,1035.0,205.0,1431.12,67.0,4,106.11,0.0
498,996.0,1036.0,40.0,325.93,9.0,1,23.26,0.0
503,1006.0,1037.0,31.0,246.48,3.0,1,16.24,0.0
486,972.0,1044.0,72.0,530.59,13.0,2,50.76,0.0
467,934.0,1046.0,112.0,626.49,40.0,2,77.24,0.0
509,1018.0,1046.0,28.0,211.19,0.0,0,15.64,0.0
499,998.0,1048.0,50.0,542.41,0.0,0,16.25,0.0
478,956.0,1052.0,96.0,1147.76,0.0,0,16.14,0.0
495,990.0,1053.0,63.0,416.38,12.0,1,22.54,0.0
511,1022.0,1054.0,32.0,431.12,0.0,0,10.0,0.0
492,985.0,1057.0,72.0,612.19,7.0,2,44.56,1.0
480,961.0,1058.0,97.0,626.92,27.0,2,53.34,1.0
496,992.0,1059.0,67.0,572.01,19.0,1,38.02,0.0
505,1010.0,1064.0,54.0,416.38,7.0,1,19.21,0.0
504,1008.0,1067.0,59.0,471.95,8.0,2,39.34,0.0
466,932.0,1068.0,136.0,265.59,84.0,3,119.75,0.0
512,1024.0,1071.0,47.0,568.8,0.0,0,10.25,0.0
525,1050.0,1071.0,21.0,156.5,0.0,0,5.96,0.0
508,1016.0,1073.0,57.0,542.41,0.0,0,17.91,0.0
494,988.0,1074.0,86.0,1367.22,0.0,0,17.37,0.0
517,1034.0,1074.0,40.0,456.8,0.0,0,14.99,0.0
488,977.0,1076.0,99.0,440.51,40.0,4,77.7,1.0
515,1030.0,1079.0,49.0,486.97,0.0,0,10.32,0.0
524,1048.0,1080.0,32.0,326.93,0.0,0,8.57,0.0
521,1042.0,1083.0,41.0,450.33,0.0,0,17.34,0.0
442,884.0,1090.0,206.0,1341.75,73.0,2,123.49,0.0
520,1040.0,1091.0,51.0,689.94,0.0,0,17.21,0.0
491,982.0,1093.0,111.0,484.28,35.0,3,86.69,0.0
519,1038.0,1093.0,55.0,431.86,11.0,2,31.68,0.0
526,1052.0,1095.0,43.0,431.12,4.0,1,21.05,0.0
518,1036.0,1096.0,60.0,254.6,24.0,3,44.86,0.0
530,1060.0,1097.0,37.0,456.8,0.0,0,18.08,0.0
506,1012.0,1099.0,87.0,670.71,19.0,2,55.83,0.0
460,920.0,1101.0,181.0,1432.2,48.0,3,86.34,0.0
474,948.0,1104.0,156.0,321.99,91.0,3,134.29,0.0
482,964.0,1104.0,140.0,265.59,81.0,4,125.43,0.0
507,1014.0,1104.0,90.0,737.53,0.0,0,15.05,0.0
510,1020.0,1109.0,89.0,484.28,25.0,2,62.73,0.0
533,1066.0,1114.0,48.0,646.43,0.0,0,15.27,0.0
487,974.0,1115.0,141.0,792.69,47.0,5,94.02,0.0
529,1058.0,1115.0,57.0,612.19,0.0,0,25.2,0.0
513,1026.0,1118.0,92.0,1275.88,0.0,0,13.43,0.0
541,1082.0,1119.0,37.0,297.83,2.0,1,19.66,0.0
539,1078.0,1120.0,42.0,245.59,9.0,2,29.34,0.0
537,1075.0,1121.0,46.0,309.73,6.0,2,27.05,1.0
522,1044.0,1125.0,81.0,824.31,0.0,0,16.53,0.0
536,1072.0,1126.0,54.0,646.43,0.0,0,18.73,0.0
528,1056.0,1135.0,79.0,614.46,16.0,2,39.91,0.0
553,1109.0,1138.0,29.0,223.99,0.0,0,12.63,3.0
545,1090.0,1139.0,49.0,416.38,2.0,1,15.05,0.0
475,950.0,1140.0,190.0,1384.74,45.0,4,91.7,0.0
425,850.0,1141.0,291.0,1839.76,86.0,5,144.2,0.0
556,1112.0,1141.0,29.0,251.72,0.0,0,12.93,0.0
561,1122.0,1141.0,19.0,188.19,0.0,0,7.81,0.0
555,1111.0,1142.0,31.0,351.83,0.0,0,5.14,1.0
542,1085.0,1143.0,58.0,628.85,0.0,0,14.59,1.0
560,1120.0,1144.0,24.0,424.73,0.0,0,6.85,0.0
523,1046.0,1147.0,101.0,1373.21,0.0,0,10.03,0.0
567,1134.0,1148.0,14.0,141.39,0.0,0,6.69,0.0
550,1101.0,1156.0,55.0,537.52,0.0,0,25.18,1.0
551,1102.0,1161.0,59.0,668.27,0.0,0,8.47,0.0
548,1096.0,1162.0,66.0,445.09,18.0,1,45.11,0.0
564,1128.0,1163.0,35.0,431.12,0.0,0,9.28,0.0
572,1144.0,1165.0,21.0,242.96,0.0,0,3.69,0.0
527,1054.0,1166.0,112.0,222.84,81.0,1,96.57,0.0
472,944.0,1168.0,224.0,1069.93,109.0,4,149.35,0.0
562,1124.0,1169.0,45.0,367.9,0.0,0,16.75,0.0
477,954.0,1170.0,216.0,1161.35,100.0,5,134.2,0.0
534,1068.0,1171.0,103.0,1419.58,0.0,0,20.83,0.0
558,1116.0,1171.0,55.0,596.37,0.0,0,10.06,0.0
516,1032.0,1172.0,140.0,212.81,83.0,3,126.8,0.0
570,1140.0,1176.0,36.0,443.4,0.0,0,16.51,0.0
554,1108.0,1180.0,72.0,418.76,33.0,2,50.8,0.0
563,1126.0,1180.0,54.0,668.27,0.0,0,8.72,0.0
569,1138.0,1182.0,44.0,346.58,0.0,0,16.97,0.0
538,1076.0,1185.0,109.0,1182.06,14.0,1,32.03,0.0
565,1130.0,1188.0,58.0,700.79,0.0,0,10.26,0.0
552,1104.0,1191.0,87.0,381.07,39.0,3,61.27,0.0
584,1168.0,1203.0,35.0,478.35,0.0,0,13.38,0.0
585,1170.0,1206.0,36.0,233.92,4.0,1,14.33,0.0
581,1162.0,1209.0,47.0,255.05,9.0,2,27.46,0.0
596,1192.0,1209.0,17.0,190.36,0.0,0,7.59,0.0
547,1094.0,1210.0,116.0,1423.35,7.0,1,31.8,0.0
573,1146.0,1210.0,64.0,603.88,0.0,0,5.77,0.0
575,1150.0,1211.0,61.0,670.71,3.0,1,29.42,0.0
532,1064.0,1212.0,148.0,484.63,83.0,4,121.13,0.0
566,1132.0,1212.0,80.0,501.42,15.0,2,40.67,0.0
535,1070.0,1215.0,145.0,333.21,76.0,4,116.48,0.0
587,1174.0,1216.0,42.0,418.76,0.0,0,23.26,0.0
580,1160.0,1220.0,60.0,700.79,0.0,0,9.43,0.0
544,1088.0,1222.0,134.0,212.81,79.0,6,122.44,0.0
592,1184.0,1223.0,39.0,418.76,7.0,1,23.15,0.0
598,1196.0,1223.0,27.0,358.82,0.0,0,10.28,0.0
549,1098.0,1225.0,127.0,823.94,44.0,2,67.77,0.0
604,1208.0,1230.0,22.0,267.06,0.0,0,6.92,0.0
557,1114.0,1232.0,118.0,265.59,52.0,7,101.09,0.0
546,1092.0,1233.0,141.0,320.8,97.0,3,120.42,0.0
588,1177.0,1234.0,57.0,185.91,18.0,3,45.73,1.0
531,1062.0,1238.0,176.0,1122.71,46.0,7,95.55,0.0
602,1204.0,1238.0,34.0,341.45,0.0,0,16.18,0.0
568,1136.0,1239.0,103.0,824.31,17.0,1,36.07,0.0
591,1182.0,1239.0,57.0,603.88,0.0,0,5.26,0.0
595,1191.0,1239.0,48.0,689.94,0.0,0,17.5,1.0
540,1080.0,1240.0,160.0,574.0,82.0,6,125.5,0.0
606,1212.0,1240.0,28.0,296.71,0.0,0,3.86,0.0
578,1156.0,1242.0,86.0,1066.16,0.0,0,10.03,0.0
589,1178.0,1242.0,64.0,227.24,29.0,1,42.35,0.0
577,1154.0,1243.0,89.0,1046.09,0.0,0,11.97,0.0
571,1142.0,1244.0,102.0,265.59,27.0,7,85.98,0.0
616,1232.0,1248.0,16.0,209.04,0.0,0,6.32,0.0
576,1152.0,1250.0,98.0,1373.21,0.0,0,10.42,0.0
593,1186.0,1250.0,64.0,786.73,0.0,0,14.9,0.0
610,1220.0,1251.0,31.0,307.9,0.0,0,12.04,0.0
579,1158.0,1254.0,96.0,259.55,17.0,6,79.41,0.0
600,1200.0,1254.0,54.0,568.8,1.0,1,13.65,0.0
500,1235.0,1257.0,22.0,44.28,6.0,2,20.09,235.0
590,1180.0,1259.0,79.0,1135.02,0.0,0,15.37,0.0
574,1148.0,1260.0,112.0,1250.15,0.0,0,22.43,0.0
609,1219.0,1262.0,43.0,416.38,0.0,0,9.83,1.0
594,1188.0,1263.0,75.0,689.16,11.0,1,41.05,0.0
559,1118.0,1264.0,146.0,1710.55,9.0,1,27.23,0.0
601,1203.0,1264.0,61.0,633.03,4.0,1,27.64,1.0
617,1234.0,1264.0,30.0,478.35,0.0,0,7.57,0.0
618,1237.0,1264.0,27.0,322.22,0.0,0,10.21,1.0
603,1206.0,1266.0,60.0,603.88,0.0,0,5.58,0.0
608,1216.0,1266.0,50.0,346.58,2.0,1,24.67,0.0
612,1224.0,1270.0,46.0,386.04,6.0,1,24.05,0.0
583,1166.0,1274.0,108.0,574.0,16.0,4,69.91,0.0
622,1244.0,1277.0,33.0,297.53,1.0,1,16.19,0.0
634,1268.0,1277.0,9.0,72.2,0.0,0,5.83,0.0
621,1242.0,1279.0,37.0,344.55,6.0,1,14.83,0.0
586,1172.0,1281.0,109.0,976.36,27.0,1,51.57,0.0
614,1228.0,1281.0,53.0,318.69,13.0,2,35.69,0.0
630,1260.0,1282.0,22.0,124.89,0.0,0,14.74,0.0
514,1029.0,1286.0,257.0,1839.76,79.0,7,138.07,1.0
543,1247.0,1287.0,40.0,230.15,5.0,1,18.97,161.0
582,1164.0,1288.0,124.0,1341.75,3.0,1,25.14,0.0
611,1222.0,1291.0,69.0,585.73,14.0,1,43.23,0.0
633,1266.0,1291.0,25.0,424.73,0.0,0,5.18,0.0
429,1231.0,1292.0,61.0,371.83,4.0,1,43.04,373.0
624,1248.0,1294.0,46.0,567.72,0.0,0,10.18,0.0
642,1284.0,1294.0,10.0,72.2,0.0,0,6.27,0.0
649,1298.0,1307.0,9.0,41.19,0.0,0,3.78,0.0
627,1254.0,1309.0,55.0,505.05,0.0,0,13.14,0.0
620,1240.0,1310.0,70.0,786.73,6.0,1,25.85,0.0
637,1274.0,1310.0,36.0,404.21,0.0,0,14.9,0.0
628,1256.0,1312.0,56.0,416.38,6.0,1,18.14,0.0
629,1258.0,1312.0,54.0,530.59,0.0,0,24.12,0.0
625,1250.0,1313.0,63.0,689.48,0.0,0,16.45,0.0
631,1262.0,1313.0,51.0,484.28,0.0,0,26.59,0.0
626,1252.0,1315.0,63.0,675.22,0.0,0,32.69,0.0
632,1264.0,1315.0,51.0,668.27,0.0,0,13.8,0.0
607,1266.0,1317.0,51.0,109.8,28.0,1,42.66,52.0
636,1273.0,1318.0,45.0,346.3,0.0,0,28.93,1.0
640,1280.0,1322.0,42.0,415.7,0.0,0,8.21,0.0
638,1276.0,1328.0,52.0,423.25,4.0,1,32.84,0.0
605,1210.0,1332.0,122.0,792.69,28.0,5,65.77,0.0
661,1322.0,1333.0,11.0,70.53,0.0,0,5.89,0.0
613,1226.0,1336.0,110.0,1419.58,0.0,0,22.31,0.0
644,1288.0,1337.0,49.0,381.07,3.0,1,21.35,0.0
655,1310.0,1337.0,27.0,358.82,0.0,0,9.89,0.0
645,1290.0,1340.0,50.0,473.85,3.0,1,19.26,0.0
653,1306.0,1340.0,34.0,478.35,0.0,0,5.57,0.0
657,1314.0,1341.0,27.0,205.22,1.0,1,14.63,0.0
643,1286.0,1342.0,56.0,537.11,1.0,1,25.26,0.0
639,1278.0,1345.0,67.0,196.64,33.0,2,53.9,0.0
635,1270.0,1347.0,77.0,1141.42,0.0,0,16.39,0.0
660,1320.0,1347.0,27.0,358.82,0.0,0,9.94,0.0
615,1230.0,1352.0,122.0,1122.71,16.0,1,40.04,0.0
619,1238.0,1353.0,115.0,1419.58,0.0,0,20.56,0.0
641,1282.0,1354.0,72.0,824.31,0.0,0,19.36,0.0
665,1330.0,1364.0,34.0,160.49,1.0,1,22.7,0.0
666,1332.0,1364.0,32.0,309.74,0.0,0,15.17,0.0
669,1338.0,1370.0,32.0,210.73,0.0,0,16.77,0.0
654,1309.0,1372.0,63.0,689.16,1.0,1,26.59,1.0
668,1336.0,1373.0,37.0,386.34,0.0,0,7.89,0.0
676,1352.0,1376.0,24.0,288.53,0.0,0,11.39,0.0
652,1304.0,1388.0,84.0,824.31,6.0,1,26.44,0.0
671,1342.0,1391.0,49.0,554.83,0.0,0,4.71,0.0
647,1294.0,1394.0,100.0,551.9,41.0,1,65.53,0.0
670,1340.0,1394.0,54.0,700.79,0.0,0,10.46,0.0
681,1362.0,1394.0,32.0,417.72,0.0,0,12.63,0.0
650,1300.0,1395.0,95.0,1386.97,0.0,0,18.96,0.0
597,1194.0,1396.0,202.0,1839.76,22.0,3,63.29,0.0
599,1198.0,1396.0,198.0,1384.74,39.0,4,88.46,0.0
663,1326.0,1398.0,72.0,1183.77,0.0,0,12.47,0.0
623,1246.0,1399.0,153.0,1384.74,18.0,4,69.06,0.0
656,1312.0,1400.0,88.0,612.19,26.0,2,58.7,0.0
674,1349.0,1400.0,51.0,443.4,8.0,1,24.99,1.0
659,1318.0,1403.0,85.0,484.28,22.0,2,53.69,0.0
658,1327.0,1406.0,79.0,509.45,24.0,2,50.39,11.0
690,1381.0,1409.0,28.0,424.73,0.0,0,6.09,1.0
675,1350.0,1411.0,61.0,668.27,9.0,1,22.75,0.0
677,1354.0,1414.0,60.0,689.16,2.0,1,23.8,0.0
689,1378.0,1414.0,36.0,443.4,0.0,0,17.45,0.0
646,1292.0,1416.0,124.0,1710.55,0.0,0,18.54,0.0
684,1368.0,1416.0,48.0,346.58,1.0,1,21.97,0.0
702,1404.0,1420.0,16.0,225.6,0.0,0,4.59,0.0
688,1376.0,1421.0,45.0,494.38,0.0,0,11.87,0.0
693,1386.0,1425.0,39.0,366.55,0.0,0,6.08,0.0
673,1346.0,1427.0,81.0,484.28,23.0,2,55.5,0.0
697,1395.0,1427.0,32.0,315.55,0.0,0,11.38,1.0
700,1400.0,1428.0,28.0,344.55,0.0,0,6.19,0.0
691,1382.0,1430.0,48.0,481.85,0.0,0,15.26,0.0
664,1328.0,1431.0,103.0,792.69,14.0,2,54.98,0.0
696,1392.0,1432.0,40.0,473.85,0.0,0,16.46,0.0
698,1396.0,1434.0,38.0,394.02,0.0,0,10.14,0.0
678,1357.0,1437.0,80.0,976.36,0.0,0,16.75,1.0
706,1416.0,1438.0,22.0,186.48,0.0,0,10.86,4.0
707,1414.0,1439.0,25.0,424.73,0.0,0,5.39,0.0
713,1426.0,1441.0,15.0,151.17,0.0,0,7.33,0.0
692,1384.0,1443.0,59.0,343.19,17.0,2,34.66,0.0
682,1364.0,1447.0,83.0,660.08,9.0,1,35.02,0.0
687,1374.0,1450.0,76.0,823.94,1.0,1,24.34,0.0
672,1344.0,1454.0,110.0,689.48,34.0,1,53.34,0.0
679,1358.0,1454.0,96.0,1367.22,0.0,0,14.99,0.0
680,1361.0,1457.0,96.0,1386.97,0.0,0,18.46,1.0
708,1416.0,1458.0,42.0,486.97,0.0,0,9.48,0.0
701,1402.0,1459.0,57.0,484.28,4.0,1,29.08,0.0
709,1418.0,1460.0,42.0,431.12,2.0,1,14.11,0.0
718,1436.0,1463.0,27.0,325.93,0.0,0,9.25,0.0
717,1438.0,1467.0,29.0,286.19,0.0,0,15.12,4.0
683,1366.0,1468.0,102.0,1386.97,0.0,0,19.05,0.0
723,1446.0,1468.0,22.0,238.38,0.0,0,9.62,0.0
714,1428.0,1473.0,45.0,486.97,0.0,0,9.86,0.0
730,1460.0,1473.0,13.0,171.24,0.0,0,4.7,0.0
703,1406.0,1475.0,69.0,655.48,0.0,0,22.26,0.0
711,1422.0,1475.0,53.0,700.79,0.0,0,11.7,0.0
694,1388.0,1477.0,89.0,1143.35,0.0,0,16.61,0.0
648,1296.0,1483.0,187.0,1552.56,46.0,1,80.01,0.0
686,1372.0,1486.0,114.0,1419.58,0.0,0,19.32,0.0
724,1448.0,1487.0,39.0,456.81,0.0,0,16.4,0.0
715,1430.0,1489.0,59.0,670.71,2.0,1,31.9,0.0
705,1410.0,1490.0,80.0,734.17,0.0,0,28.12,0.0
726,1452.0,1491.0,39.0,346.48,0.0,0,19.44,0.0
735,1470.0,1495.0,25.0,292.71,0.0,0,9.12,0.0
712,1424.0,1501.0,77.0,1128.56,0.0,0,10.1,0.0
728,1456.0,1504.0,48.0,567.72,0.0,0,9.01,0.0
699,1483.0,1507.0,24.0,288.53,0.0,0,9.3,85.0
721,1442.0,1511.0,69.0,655.48,0.0,0,18.99,0.0
736,1472.0,1511.0,39.0,417.72,0.0,0,15.37,0.0
750,1500.0,1518.0,18.0,209.36,0.0,0,7.98,0.0
732,1464.0,1520.0,56.0,476.66,7.0,1,23.33,0.0
667,1334.0,1523.0,189.0,1431.12,46.0,4,90.56,0.0
651,1302.0,1530.0,228.0,1251.16,105.0,4,142.55,0.0
729,1458.0,1530.0,72.0,824.31,1.0,1,20.29,0.0
743,1486.0,1532.0,46.0,443.4,1.0,1,22.51,0.0
716,1432.0,1533.0,101.0,1373.21,0.0,0,10.95,0.0
741,1482.0,1534.0,52.0,581.71,0.0,0,12.45,0.0
746,1492.0,1534.0,42.0,456.8,0.0,0,18.36,0.0
720,1441.0,1536.0,95.0,1367.22,0.0,0,15.14,1.0
725,1450.0,1544.0,94.0,480.61,38.0,1,61.93,0.0
662,1324.0,1551.0,227.0,1496.43,70.0,4,115.4,0.0
731,1462.0,1554.0,92.0,494.01,34.0,3,71.39,0.0
740,1480.0,1555.0,75.0,786.73,2.0,1,21.87,0.0
753,1506.0,1557.0,51.0,331.45,2.0,1,30.71,0.0
759,1518.0,1557.0,39.0,325.93,4.0,1,18.47,0.0
758,1516.0,1558.0,42.0,185.17,9.0,2,22.97,0.0
761,1522.0,1560.0,38.0,371.89,1.0,1,20.82,0.0
722,1444.0,1561.0,117.0,1423.35,0.0,0,20.83,0.0
733,1466.0,1562.0,96.0,415.3,37.0,3,59.47,0.0
742,1487.0,1563.0,76.0,492.64,14.0,4,40.9,3.0
695,1390.0,1564.0,174.0,1496.43,23.0,2,81.05,0.0
744,1489.0,1564.0,75.0,484.28,13.0,1,46.17,1.0
734,1469.0,1565.0,96.0,235.34,48.0,3,80.59,1.0
737,1474.0,1566.0,92.0,689.16,23.0,2,59.39,0.0
747,1495.0,1566.0,71.0,614.46,8.0,1,30.69,1.0
749,1498.0,1568.0,70.0,670.71,7.0,1,37.69,0.0
704,1408.0,1569.0,161.0,1496.43,12.0,2,57.23,0.0
766,1532.0,1569.0,37.0,265.59,0.0,0,21.02,0.0
757,1515.0,1574.0,59.0,234.27,29.0,2,46.22,1.0
739,1478.0,1575.0,97.0,1046.09,0.0,0,11.42,0.0
748,1496.0,1575.0,79.0,670.87,3.0,1,36.54,0.0
760,1520.0,1575.0,55.0,362.46,4.0,1,33.68,0.0
719,1438.0,1580.0,142.0,1710.55,0.0,0,19.92,0.0
745,1490.0,1580.0,90.0,689.16,11.0,2,55.26,0.0
770,1540.0,1585.0,45.0,286.19,0.0,0,27.01,0.0
710,1420.0,1586.0,166.0,1552.56,12.0,3,67.55,0.0
763,1526.0,1587.0,61.0,646.43,0.0,0,29.67,0.0
779,1558.0,1588.0,30.0,344.55,0.0,0,7.19,0.0
751,1502.0,1592.0,90.0,1200.54,0.0,0,19.22,0.0
727,1454.0,1595.0,141.0,823.94,38.0,3,70.26,0.0
774,1548.0,1595.0,47.0,386.04,2.0,1,21.2,0.0
789,1578.0,1597.0,19.0,249.98,0.0,0,7.46,0.0
685,1370.0,1598.0,228.0,1839.76,51.0,4,110.22,0.0
777,1554.0,1599.0,45.0,274.6,9.0,1,29.82,0.0
754,1508.0,1601.0,93.0,464.67,45.0,3,66.63,0.0
762,1524.0,1601.0,77.0,537.52,15.0,3,47.7,0.0
768,1536.0,1603.0,67.0,646.43,8.0,1,34.78,0.0
765,1530.0,1605.0,75.0,537.52,13.0,1,43.38,0.0
767,1534.0,1605.0,71.0,494.01,12.0,1,47.51,0.0
769,1540.0,1605.0,65.0,465.84,6.0,2,38.24,2.0
795,1590.0,1605.0,15.0,84.53,0.0,0,7.54,0.0
799,1599.0,1605.0,6.0,35.87,0.0,0,3.77,1.0
772,1544.0,1606.0,62.0,140.46,39.0,1,50.45,0.0
756,1512.0,1607.0,95.0,655.48,13.0,2,45.6,0.0
784,1568.0,1612.0,44.0,480.98,0.0,0,17.68,0.0
738,1476.0,1615.0,139.0,1496.43,2.0,2,47.58,0.0
780,1592.0,1615.0,23.0,277.18,0.0,0,8.02,32.0
802,1609.0,1616.0,7.0,42.9,0.0,0,4.87,5.0
778,1556.0,1617.0,61.0,567.72,0.0,0,10.12,0.0
783,1566.0,1617.0,51.0,537.11,0.0,0,17.63,0.0
776,1552.0,1618.0,66.0,506.13,0.0,0,27.79,0.0
764,1528.0,1619.0,91.0,1069.93,0.0,0,17.5,0.0
787,1574.0,1619.0,45.0,367.53,0.0,0,13.71,0.0
798,1601.0,1619.0,18.0,209.36,0.0,0,6.59,5.0
786,1572.0,1623.0,51.0,416.38,0.0,0,16.88,0.0
794,1588.0,1623.0,35.0,440.51,0.0,0,11.9,0.0
781,1562.0,1624.0,62.0,517.88,11.0,2,36.24,0.0
755,1510.0,1626.0,116.0,1380.62,3.0,2,27.18,0.0
771,1542.0,1629.0,87.0,1046.09,0.0,0,10.91,0.0
752,1504.0,1634.0,130.0,1243.06,5.0,1,25.85,0.0
790,1580.0,1634.0,54.0,537.11,0.0,0,23.42,0.0
797,1594.0,1635.0,41.0,494.38,0.0,0,17.37,0.0
773,1546.0,1637.0,91.0,1200.54,5.0,1,26.38,0.0
788,1576.0,1637.0,61.0,536.74,1.0,1,30.07,0.0
800,1600.0,1640.0,40.0,319.74,8.0,1,23.08,0.0
793,1586.0,1641.0,55.0,572.01,1.0,1,22.32,0.0
803,1606.0,1645.0,39.0,304.23,2.0,1,20.57,0.0
812,1624.0,1647.0,23.0,385.54,0.0,0,6.63,0.0
808,1616.0,1650.0,34.0,414.08,0.0,0,11.26,0.0
775,1550.0,1651.0,101.0,1419.58,3.0,1,26.87,0.0
809,1618.0,1652.0,34.0,417.72,0.0,0,14.56,0.0
804,1608.0,1657.0,49.0,633.03,0.0,0,16.78,0.0
813,1627.0,1657.0,30.0,287.68,1.0,1,8.47,1.0
806,1612.0,1663.0,51.0,689.94,0.0,0,16.45,0.0
810,1620.0,1663.0,43.0,432.0,0.0,0,13.84,0.0
807,1614.0,1664.0,50.0,700.79,0.0,0,9.9,0.0
824,1648.0,1667.0,19.0,170.17,0.0,0,8.79,0.0
817,1634.0,1668.0,34.0,431.12,0.0,0,12.75,0.0
821,1642.0,1668.0,26.0,268.28,0.0,0,11.91,0.0
823,1649.0,1669.0,20.0,164.35,0.0,0,6.07,3.0
815,1630.0,1670.0,40.0,456.8,1.0,1,20.06,0.0
796,1592.0,1678.0,86.0,976.36,0.0,0,14.24,0.0
816,1632.0,1681.0,49.0,416.38,3.0,1,15.52,0.0
801,1602.0,1683.0,81.0,792.69,2.0,1,32.73,0.0
782,1564.0,1685.0,121.0,1386.97,0.0,0,17.04,0.0
814,1628.0,1688.0,60.0,636.03,3.0,1,34.59,0.0
826,1652.0,1690.0,38.0,443.4,0.0,0,16.93,0.0
805,1610.0,1691.0,81.0,1046.09,0.0,0,11.0,0.0
825,1650.0,1693.0,43.0,415.3,0.0,0,12.34,0.0
811,1622.0,1694.0,72.0,603.88,0.0,0,6.96,0.0
820,1640.0,1695.0,55.0,480.61,9.0,1,26.58,0.0
832,1664.0,1696.0,32.0,309.09,2.0,1,13.68,0.0
818,1638.0,1699.0,61.0,639.99,0.0,0,19.15,2.0
836,1672.0,1700.0,28.0,418.76,0.0,0,9.74,0.0
822,1644.0,1706.0,62.0,494.01,8.0,2,34.91,0.0
819,1638.0,1708.0,70.0,824.31,0.0,0,17.91,0.0
829,1658.0,1708.0,50.0,425.76,0.0,0,22.87,0.0
842,1684.0,1709.0,25.0,147.44,0.0,0,13.05,0.0
835,1670.0,1710.0,40.0,449.58,0.0,0,8.8,0.0
827,1654.0,1711.0,57.0,633.03,0.0,0,18.92,0.0
833,1666.0,1714.0,48.0,567.72,0.0,0,8.95,0.0
838,1676.0,1717.0,41.0,287.46,4.0,1,23.01,0.0
837,1674.0,1723.0,49.0,473.02,2.0,1,21.52,0.0
851,1702.0,1725.0,23.0,298.92,0.0,0,8.64,0.0
847,1694.0,1734.0,40.0,431.12,1.0,1,15.31,0.0
853,1706.0,1735.0,29.0,325.93,0.0,0,7.16,0.0
856,1712.0,1737.0,25.0,236.17,0.0,0,13.68,0.0
855,1710.0,1740.0,30.0,478.35,0.0,0,6.45,0.0
828,1656.0,1743.0,87.0,824.31,1.0,1,17.75,0.0
839,1678.0,1745.0,67.0,761.05,0.0,0,21.41,0.0
834,1668.0,1747.0,79.0,977.14,0.0,0,8.39,0.0
848,1696.0,1748.0,52.0,536.74,0.0,0,19.54,0.0
850,1700.0,1751.0,51.0,659.1,0.0,0,10.07,0.0
863,1726.0,1751.0,25.0,418.76,0.0,0,5.58,0.0
846,1692.0,1753.0,61.0,322.67,12.0,1,26.18,0.0
840,1680.0,1755.0,75.0,792.69,0.0,0,24.03,0.0
849,1698.0,1755.0,57.0,425.16,11.0,1,32.59,0.0
867,1734.0,1757.0,23.0,190.36,0.0,0,7.09,0.0
841,1682.0,1758.0,76.0,1091.46,0.0,0,9.67,0.0
866,1732.0,1761.0,29.0,358.82,0.0,0,11.19,0.0
852,1704.0,1764.0,60.0,700.79,0.0,0,9.85,0.0
869,1738.0,1767.0,29.0,247.79,0.0,0,13.63,0.0
857,1714.0,1769.0,55.0,287.46,21.0,1,39.06,0.0
792,1585.0,1770.0,185.0,1509.83,30.0,3,85.64,1.0
844,1688.0,1770.0,82.0,1130.64,0.0,0,10.71,0.0
831,1662.0,1771.0,109.0,1172.32,2.0,1,22.29,0.0
854,1708.0,1773.0,65.0,555.96,0.0,0,22.29,0.0
864,1728.0,1773.0,45.0,568.8,0.0,0,10.76,0.0
785,1570.0,1775.0,205.0,1839.76,0.0,0,32.35,0.0
858,1716.0,1779.0,63.0,659.1,0.0,0,10.34,0.0
791,1582.0,1781.0,199.0,1839.76,3.0,1,74.02,0.0
877,1754.0,1781.0,27.0,186.32,5.0,1,13.31,0.0
878,1756.0,1781.0,25.0,145.17,2.0,1,8.82,0.0
871,1742.0,1784.0,42.0,473.85,0.0,0,15.87,0.0
881,1762.0,1784.0,22.0,254.88,0.0,0,8.64,0.0
883,1766.0,1788.0,22.0,278.16,0.0,0,5.64,0.0
860,1720.0,1790.0,70.0,689.16,1.0,1,30.63,0.0
830,1660.0,1791.0,131.0,1710.55,0.0,0,20.15,0.0
885,1770.0,1791.0,21.0,336.92,0.0,0,7.7,0.0
843,1686.0,1792.0,106.0,1341.75,0.0,0,21.53,0.0
862,1724.0,1793.0,69.0,421.82,15.0,2,47.43,0.0
870,1740.0,1793.0,53.0,633.03,0.0,0,17.68,0.0
875,1750.0,1793.0,43.0,488.97,0.0,0,19.35,0.0
873,1746.0,1796.0,50.0,633.03,0.0,0,18.87,0.0
880,1760.0,1797.0,37.0,257.11,5.0,1,20.51,0.0
859,1718.0,1800.0,82.0,399.07,21.0,3,43.75,0.0
879,1758.0,1815.0,57.0,654.53,0.0,0,12.66,0.0
897,1794.0,1820.0,26.0,232.56,0.0,0,9.61,0.0
898,1796.0,1822.0,26.0,238.38,0.0,0,10.15,0.0
861,1722.0,1824.0,102.0,1373.21,0.0,0,9.4,0.0
890,1780.0,1825.0,45.0,486.97,0.0,0,11.97,0.0
876,1752.0,1826.0,74.0,570.36,17.0,1,46.33,0.0
874,1748.0,1828.0,80.0,475.37,22.0,1,49.62,0.0
887,1776.0,1831.0,55.0,418.21,1.0,1,21.9,2.0
893,1786.0,1831.0,45.0,352.91,5.0,1,13.33,0.0
899,1798.0,1832.0,34.0,478.35,0.0,0,8.47,0.0
895,1790.0,1834.0,44.0,486.97,0.0,0,10.28,0.0
882,1764.0,1836.0,72.0,824.31,6.0,1,27.53,0.0
902,1804.0,1838.0,34.0,386.34,0.0,0,8.21,0.0
884,1768.0,1840.0,72.0,646.43,13.0,2,39.52,0.0
904,1808.0,1845.0,37.0,283.11,0.0,0,14.89,0.0
900,1800.0,1847.0,47.0,470.36,5.0,1,20.19,0.0
916,1832.0,1848.0,16.0,197.94,0.0,0,5.33,0.0
910,1820.0,1849.0,29.0,478.35,0.0,0,6.36,0.0
914,1828.0,1853.0,25.0,259.31,0.0,0,9.61,0.0
865,1730.0,1858.0,128.0,381.07,79.0,2,105.85,0.0
917,1834.0,1859.0,25.0,169.8,0.0,0,12.1,0.0
907,1814.0,1861.0,47.0,659.1,0.0,0,10.47,0.0
919,1838.0,1864.0,26.0,424.73,0.0,0,5.58,0.0
889,1780.0,1866.0,86.0,483.52,31.0,2,59.79,2.0
909,1818.0,1866.0,48.0,537.52,0.0,0,16.41,0.0
868,1736.0,1867.0,131.0,1508.95,0.0,0,18.46,0.0
921,1842.0,1867.0,25.0,224.21,0.0,0,5.67,0.0
845,1690.0,1870.0,180.0,1839.76,13.0,4,61.01,0.0
920,1845.0,1871.0,26.0,288.53,0.0,0,10.06,5.0
891,1782.0,1873.0,91.0,792.69,13.0,1,42.75,0.0
886,1772.0,1875.0,103.0,1367.22,0.0,0,16.34,0.0
896,1792.0,1878.0,86.0,1056.41,5.0,1,17.28,0.0
892,1784.0,1880.0,96.0,1122.71,0.0,0,16.5,0.0
894,1788.0,1881.0,93.0,1275.88,0.0,0,15.18,0.0
924,1848.0,1881.0,33.0,478.35,0.0,0,7.2,0.0
930,1861.0,1884.0,23.0,262.46,0.0,0,5.82,1.0
934,1868.0,1885.0,17.0,240.15,0.0,0,5.67,0.0
911,1822.0,1886.0,64.0,649.67,0.0,0,13.69,0.0
949,1898.0,1899.0,1.0,0.0,0.0,0,0.9,0.0
931,1862.0,1902.0,40.0,440.51,1.0,1,16.05,0.0
939,1878.0,1902.0,24.0,424.73,0.0,0,5.36,0.0
926,1852.0,1905.0,53.0,554.83,0.0,0,4.92,0.0
928,1856.0,1906.0,50.0,416.38,0.0,0,13.03,0.0
906,1812.0,1909.0,97.0,371.89,44.0,2,78.06,0.0
918,1836.0,1909.0,73.0,646.43,12.0,2,43.38,0.0
872,1744.0,1912.0,168.0,1496.43,6.0,1,52.21,0.0
912,1824.0,1913.0,89.0,496.92,22.0,3,62.83,0.0
901,1802.0,1919.0,117.0,320.8,73.0,4,96.46,0.0
956,1912.0,1920.0,8.0,41.79,0.0,0,5.08,0.0
932,1864.0,1927.0,63.0,537.11,1.0,1,30.5,0.0
923,1847.0,1928.0,81.0,1147.76,0.0,0,17.78,1.0
940,1880.0,1928.0,48.0,446.24,3.0,1,21.61,0.0
947,1895.0,1928.0,33.0,300.39,0.0,0,14.13,1.0
925,1851.0,1929.0,78.0,689.16,5.0,3,41.26,1.0
908,1816.0,1930.0,114.0,1275.88,3.0,1,21.77,0.0
957,1914.0,1930.0,16.0,159.01,0.0,0,9.02,0.0
922,1844.0,1934.0,90.0,1183.77,0.0,0,10.07,0.0
933,1866.0,1935.0,69.0,572.01,6.0,2,34.57,0.0
935,1870.0,1936.0,66.0,445.26,12.0,2,39.99,0.0
954,1908.0,1936.0,28.0,308.92,0.0,0,6.88,0.0
888,1776.0,1937.0,161.0,1710.55,0.0,0,16.71,0.0
945,1890.0,1938.0,48.0,310.06,18.0,1,32.68,0.0
929,1858.0,1939.0,81.0,744.01,5.0,2,25.62,0.0
941,1882.0,1941.0,59.0,160.49,28.0,1,47.15,0.0
944,1888.0,1941.0,53.0,456.8,13.0,1,32.19,0.0
951,1902.0,1944.0,42.0,486.97,0.0,0,10.8,0.0
950,1900.0,1946.0,46.0,415.3,0.0,0,7.48,0.0
903,1806.0,1947.0,141.0,1341.75,30.0,1,53.31,0.0
913,1826.0,1948.0,122.0,689.48,44.0,3,74.4,0.0
953,1906.0,1950.0,44.0,416.38,0.0,0,9.13,0.0
936,1872.0,1952.0,80.0,1183.77,0.0,0,16.1,0.0
963,1926.0,1952.0,26.0,358.82,0.0,0,11.24,0.0
927,1854.0,1963.0,109.0,1373.21,0.0,0,10.15,0.0
968,1936.0,1964.0,28.0,344.55,0.0,0,5.62,0.0
955,1910.0,1967.0,57.0,659.1,0.0,0,8.89,0.0
938,1876.0,1969.0,93.0,824.31,2.0,1,36.71,0.0
972,1944.0,1969.0,25.0,259.95,0.0,0,11.03,0.0
974,1948.0,1971.0,23.0,259.31,0.0,0,10.41,0.0
977,1954.0,1971.0,17.0,187.03,0.0,0,8.46,0.0
905,1810.0,1973.0,163.0,1431.12,21.0,1,51.18,0.0
937,1875.0,1978.0,103.0,1320.89,0.0,0,18.03,1.0
979,1958.0,1978.0,20.0,170.17,0.0,0,9.28,0.0
962,1924.0,1979.0,55.0,567.72,0.0,0,9.22,0.0
965,1930.0,1979.0,49.0,552.69,0.0,0,9.36,0.0
943,1886.0,1981.0,95.0,574.0,20.0,2,50.74,0.0
982,1964.0,1982.0,18.0,251.05,0.0,0,7.63,0.0
966,1932.0,1983.0,51.0,659.1,0.0,0,10.26,0.0
946,1892.0,1987.0,95.0,1335.54,0.0,0,20.38,0.0
961,1922.0,1990.0,68.0,423.11,27.0,1,46.74,0.0
970,1940.0,1990.0,50.0,346.58,1.0,1,28.26,0.0
915,1830.0,1991.0,161.0,1496.43,0.0,0,40.53,0.0
975,1950.0,1994.0,44.0,453.04,0.0,0,16.06,0.0
959,1918.0,2001.0,83.0,445.09,22.0,1,60.44,0.0
952,1904.0,2003.0,99.0,1419.58,0.0,0,25.57,0.0
960,1920.0,2004.0,84.0,374.91,28.0,2,60.0,0.0
967,1935.0,2004.0,69.0,409.71,18.0,1,48.69,1.0
948,1896.0,2007.0,111.0,1043.03,0.0,0,16.97,0.0
993,1986.0,2010.0,24.0,242.96,0.0,0,3.75,0.0
981,1962.0,2011.0,49.0,580.28,0.0,0,18.11,0.0
976,1952.0,2013.0,61.0,668.27,0.0,0,8.76,0.0
988,1976.0,2013.0,37.0,244.03,3.0,1,20.51,0.0
991,1982.0,2013.0,31.0,286.19,0.0,0,14.75,0.0
987,1974.0,2015.0,41.0,414.08,1.0,1,21.01,0.0
989,1978.0,2018.0,40.0,344.55,9.0,1,21.8,0.0
1000,2000.0,2023.0,23.0,268.67,0.0,0,9.69,0.0
994,1988.0,2024.0,36.0,204.85,7.0,1,22.79,0.0
992,1984.0,2029.0,45.0,488.77,2.0,1,16.67,0.0
990,1980.0,2030.0,50.0,579.91,0.0,0,8.06,0.0
958,1916.0,2031.0,115.0,1122.71,8.0,1,46.15,0.0
985,1970.0,2032.0,62.0,670.71,4.0,1,31.5,0.0
980,1961.0,2033.0,72.0,365.99,17.0,1,44.11,1.0
942,1884.0,2038.0,154.0,1496.43,0.0,0,33.84,0.0
969,1938.0,2038.0,100.0,1122.71,1.0,1,25.68,0.0
1008,2016.0,2040.0,24.0,229.23,0.0,0,12.32,0.0
995,1994.0,2044.0,50.0,366.55,3.0,1,9.47,4.0
1011,2022.0,2045.0,23.0,241.75,0.0,0,9.09,0.0
1012,2024.0,2045.0,21.0,253.09,0.0,0,3.89,0.0
997,1994.0,2050.0,56.0,593.93,0.0,0,20.58,0.0
1001,2002.0,2053.0,51.0,537.52,0.0,0,19.04,0.0
973,1946.0,2054.0,108.0,1275.88,0.0,0,35.21,0.0
983,1966.0,2054.0,88.0,823.94,3.0,1,23.8,0.0
984,1968.0,2057.0,89.0,1380.62,0.0,0,22.47,0.0
996,1992.0,2058.0,66.0,655.48,2.0,1,22.45,0.0
1004,2008.0,2067.0,59.0,668.27,0.0,0,12.61,0.0
999,1998.0,2068.0,70.0,507.4,15.0,2,38.19,0.0
1020,2040.0,2068.0,28.0,358.82,0.0,0,9.28,0.0
964,1928.0,2069.0,141.0,1552.56,7.0,1,51.33,0.0
978,1956.0,2076.0,120.0,1272.56,0.0,0,32.55,0.0
1015,2030.0,2076.0,46.0,473.85,0.0,0,25.0,0.0
1021,2042.0,2076.0,34.0,325.93,2.0,1,16.68,0.0
1007,2014.0,2078.0,64.0,614.46,0.0,0,12.7,0.0
1022,2044.0,2079.0,35.0,391.66,0.0,0,13.14,0.0
1031,2062.0,2083.0,21.0,251.78,0.0,0,8.03,0.0
1025,2050.0,2085.0,35.0,391.66,0.0,0,13.31,0.0
971,1942.0,2087.0,145.0,1496.43,0.0,0,27.58,0.0
1013,2026.0,2088.0,62.0,548.96,0.0,0,15.8,0.0
1017,2034.0,2090.0,56.0,568.8,3.0,1,19.05,0.0
1028,2056.0,2092.0,36.0,379.66,0.0,0,9.57,0.0
1038,2076.0,2094.0,18.0,170.17,0.0,0,8.22,0.0
1026,2052.0,2096.0,44.0,417.72,6.0,1,23.71,0.0
1010,2020.0,2097.0,77.0,792.69,0.0,0,27.6,0.0
986,1972.0,2104.0,132.0,1311.27,8.0,2,42.6,0.0
1030,2060.0,2104.0,44.0,488.97,0.0,0,20.03,0.0
1043,2086.0,2108.0,22.0,336.92,0.0,0,5.65,0.0
1027,2054.0,2111.0,57.0,362.46,8.0,1,31.99,0.0
1029,2058.0,2113.0,55.0,484.8,11.0,1,31.77,0.0
1018,2037.0,2115.0,78.0,976.36,0.0,0,21.41,1.0
1009,2018.0,2117.0,99.0,1423.35,1.0,1,25.4,0.0
1046,2098.0,2118.0,20.0,251.05,0.0,0,7.58,6.0
1023,2046.0,2121.0,75.0,256.74,38.0,2,56.83,0.0
1024,2048.0,2121.0,73.0,670.71,7.0,2,43.84,0.0
1034,2068.0,2131.0,63.0,401.32,22.0,1,40.2,0.0
1006,2014.0,2133.0,119.0,1018.63,9.0,1,38.04,2.0
1040,2080.0,2133.0,53.0,633.03,0.0,0,18.97,0.0
1042,2084.0,2138.0,54.0,310.06,18.0,2,40.55,0.0
1035,2070.0,2140.0,70.0,689.16,0.0,0,20.12,0.0
1049,2098.0,2146.0,48.0,517.88,1.0,1,20.69,0.0
1033,2066.0,2148.0,82.0,976.36,5.0,1,26.15,0.0
1054,2108.0,2149.0,41.0,394.02,0.0,0,12.03,0.0
1002,2004.0,2150.0,146.0,1341.75,8.0,1,57.95,0.0
1019,2038.0,2150.0,112.0,1043.03,8.0,2,43.12,0.0
1037,2074.0,2150.0,76.0,660.08,0.0,0,21.91,0.0
1039,2078.0,2155.0,77.0,325.93,39.0,2,55.89,0.0
1045,2090.0,2157.0,67.0,824.31,0.0,0,21.0,0.0
1055,2110.0,2157.0,47.0,486.97,0.0,0,9.72,0.0
1048,2096.0,2158.0,62.0,473.85,10.0,1,27.86,0.0
1066,2132.0,2159.0,27.0,424.73,0.0,0,7.01,0.0
1056,2112.0,2161.0,49.0,689.94,0.0,0,14.7,0.0
1064,2128.0,2164.0,36.0,160.49,0.0,0,25.33,0.0
1052,2104.0,2165.0,61.0,396.7,27.0,1,38.74,0.0
1074,2148.0,2166.0,18.0,209.04,0.0,0,7.73,0.0
1047,2094.0,2167.0,73.0,670.71,9.0,1,35.86,0.0
1032,2064.0,2168.0,104.0,823.94,27.0,1,49.05,0.0
1016,2032.0,2170.0,138.0,1341.75,10.0,2,45.9,0.0
1062,2124.0,2174.0,50.0,603.88,0.0,0,4.77,0.0
998,1996.0,2177.0,181.0,1432.2,9.0,1,34.87,0.0
1063,2126.0,2177.0,51.0,668.27,0.0,0,8.88,0.0
1073,2146.0,2177.0,31.0,478.35,0.0,0,6.42,0.0
1076,2152.0,2178.0,26.0,196.64,0.0,0,15.32,0.0
1041,2082.0,2180.0,98.0,415.3,40.0,3,62.16,0.0
1036,2072.0,2185.0,113.0,1373.21,0.0,0,10.32,0.0
1044,2088.0,2196.0,108.0,1263.61,0.0,0,20.71,0.0
1057,2117.0,2200.0,83.0,471.95,36.0,2,64.22,3.0
1059,2121.0,2200.0,79.0,400.19,32.0,2,46.84,3.0
1093,2186.0,2200.0,14.0,200.19,0.0,0,4.48,0.0
1005,2010.0,2204.0,194.0,1496.43,25.0,3,83.81,0.0
1003,2007.0,2205.0,198.0,1552.56,25.0,3,94.41,1.0
1058,2116.0,2211.0,95.0,235.34,26.0,6,79.81,0.0
1069,2139.0,2212.0,73.0,346.58,4.0,2,47.45,1.0
1082,2164.0,2212.0,48.0,486.97,0.0,0,9.75,0.0
1070,2140.0,2213.0,73.0,614.46,10.0,2,34.34,0.0
1090,2180.0,2214.0,34.0,478.35,0.0,0,7.14,0.0
1078,2156.0,2216.0,60.0,761.05,0.0,0,13.08,0.0
1083,2166.0,2217.0,51.0,554.83,0.0,0,4.94,0.0
1060,2120.0,2218.0,98.0,1275.88,0.0,0,10.73,0.0
1089,2179.0,2218.0,39.0,344.55,8.0,1,17.36,1.0
1087,2174.0,2219.0,45.0,324.28,6.0,1,12.42,0.0
1088,2176.0,2220.0,44.0,473.85,1.0,1,20.0,0.0
1051,2102.0,2221.0,119.0,480.61,35.0,5,94.94,0.0
1081,2162.0,2221.0,59.0,603.88,0.0,0,5.43,0.0
1075,2150.0,2222.0,72.0,285.82,0.0,0,50.44,0.0
1071,2142.0,2223.0,81.0,1275.88,0.0,0,11.03,0.0
1072,2144.0,2223.0,79.0,824.31,6.0,1,26.36,0.0
1077,2154.0,2223.0,69.0,484.28,6.0,3,41.87,0.0
1050,2100.0,2226.0,126.0,792.69,34.0,3,70.83,0.0
1061,2122.0,2226.0,104.0,1419.58,0.0,0,20.66,0.0
1053,2106.0,2230.0,124.0,448.93,33.0,5,98.26,0.0
1095,2190.0,2230.0,40.0,431.12,2.0,1,18.11,0.0
1101,2203.0,2233.0,30.0,359.05,0.0,0,13.19,1.0
1097,2194.0,2235.0,41.0,274.74,8.0,1,18.8,0.0
1068,2136.0,2236.0,100.0,480.61,4.0,2,64.88,0.0
1080,2160.0,2236.0,76.0,462.56,21.0,2,53.08,0.0
1091,2182.0,2236.0,54.0,494.01,4.0,1,25.72,0.0
1084,2168.0,2239.0,71.0,786.03,0.0,0,17.64,0.0
1014,2028.0,2245.0,217.0,1839.76,28.0,5,97.32,0.0
1102,2204.0,2248.0,44.0,484.63,0.0,0,15.32,0.0
1067,2134.0,2250.0,116.0,1272.56,4.0,2,36.52,0.0
1079,2158.0,2251.0,93.0,1275.88,0.0,0,11.63,0.0
1098,2196.0,2251.0,55.0,689.16,0.0,0,18.29,0.0
1085,2170.0,2253.0,83.0,1046.09,0.0,0,10.9,0.0
1103,2206.0,2254.0,48.0,415.3,0.0,0,8.12,0.0
1065,2130.0,2258.0,128.0,1508.95,0.0,0,20.75,0.0
1114,2228.0,2259.0,31.0,478.35,0.0,0,5.42,0.0
1111,2222.0,2261.0,39.0,451.11,0.0,0,15.55,0.0
1105,2211.0,2266.0,55.0,537.11,0.0,0,17.56,1.0
1106,2212.0,2266.0,54.0,346.58,8.0,2,32.13,0.0
1123,2246.0,2266.0,20.0,236.58,0.0,0,8.81,0.0
1109,2218.0,2277.0,59.0,432.0,10.0,1,34.6,0.0
1126,2252.0,2279.0,27.0,272.16,0.0,0,12.96,0.0
1118,2236.0,2284.0,48.0,486.97,0.0,0,9.65,0.0
1112,2224.0,2288.0,64.0,415.7,21.0,1,33.52,0.0
1119,2238.0,2288.0,50.0,537.11,0.0,0,17.73,0.0
1121,2244.0,2288.0,44.0,226.26,11.0,2,29.35,2.0
1092,2184.0,2293.0,109.0,1250.15,0.0,0,16.16,0.0
1104,2208.0,2293.0,85.0,1046.09,0.0,0,11.93,0.0
1122,2244.0,2293.0,49.0,603.88,0.0,0,4.7,0.0
1125,2250.0,2294.0,44.0,431.86,0.0,0,14.55,0.0
1107,2215.0,2297.0,82.0,823.94,6.0,1,26.26,1.0
1120,2240.0,2299.0,59.0,689.16,0.0,0,23.5,0.0
1096,2192.0,2303.0,111.0,1419.58,0.0,0,17.7,0.0
1127,2254.0,2305.0,51.0,484.63,7.0,1,26.58,0.0
1133,2268.0,2305.0,37.0,285.52,0.0,0,20.77,2.0
1115,2230.0,2306.0,76.0,614.46,6.0,3,38.27,0.0
1135,2270.0,2306.0,36.0,379.66,0.0,0,8.88,0.0
1100,2200.0,2309.0,109.0,701.51,30.0,1,60.11,0.0
1128,2256.0,2310.0,54.0,646.43,0.0,0,19.02,0.0
1145,2290.0,2312.0,22.0,206.47,0.0,0,11.08,0.0
1139,2278.0,2314.0,36.0,304.51,0.0,0,13.18,0.0
1117,2234.0,2315.0,81.0,823.94,0.0,0,21.61,0.0
1142,2284.0,2316.0,32.0,285.52,0.0,0,16.58,0.0
1108,2216.0,2321.0,105.0,1275.88,1.0,1,14.77,0.0
1149,2298.0,2323.0,25.0,292.71,0.0,0,8.79,0.0
1152,2304.0,2325.0,21.0,223.87,0.0,0,7.51,0.0
1129,2258.0,2330.0,72.0,574.0,1.0,1,25.26,0.0
1143,2286.0,2330.0,44.0,480.98,0.0,0,15.16,0.0
1153,2306.0,2330.0,24.0,418.76,0.0,0,7.72,0.0
1113,2226.0,2334.0,108.0,381.07,63.0,1,81.46,0.0
1094,2188.0,2336.0,148.0,1496.43,0.0,0,33.0,0.0
1116,2232.0,2344.0,112.0,1380.62,1.0,1,23.13,0.0
1159,2318.0,2345.0,27.0,424.73,0.0,0,5.83,0.0
1165,2330.0,2347.0,17.0,172.45,0.0,0,7.74,0.0
1124,2248.0,2349.0,101.0,1250.15,0.0,0,17.56,0.0
1131,2262.0,2349.0,87.0,655.48,15.0,2,39.83,0.0
1150,2300.0,2349.0,49.0,567.72,0.0,0,8.31,0.0
1157,2315.0,2349.0,34.0,349.33,0.0,0,14.55,1.0
1110,2220.0,2351.0,131.0,1431.12,0.0,0,35.48,0.0
1138,2276.0,2351.0,75.0,529.48,13.0,2,41.52,0.0
1141,2282.0,2352.0,70.0,655.48,3.0,1,29.43,0.0
1086,2172.0,2353.0,181.0,1710.55,0.0,0,18.04,0.0
1099,2198.0,2354.0,156.0,1552.56,1.0,1,44.42,0.0
1130,2260.0,2354.0,94.0,823.94,1.0,1,37.69,0.0
1146,2292.0,2356.0,64.0,552.69,0.0,0,28.39,0.0
1144,2288.0,2360.0,72.0,537.52,13.0,2,37.95,0.0
1151,2302.0,2361.0,59.0,574.0,0.0,0,21.5,0.0
1168,2336.0,2363.0,27.0,323.2,0.0,0,5.52,0.0
1134,2268.0,2367.0,99.0,1419.58,0.0,0,19.59,0.0
1156,2313.0,2368.0,55.0,413.68,7.0,1,31.8,1.0
1164,2328.0,2370.0,42.0,369.29,0.0,0,17.62,0.0
1175,2350.0,2371.0,21.0,349.81,0.0,0,6.46,0.0
1140,2280.0,2372.0,92.0,794.6,5.0,1,31.14,0.0
1155,2310.0,2373.0,63.0,484.28,9.0,1,38.04,0.0
1162,2324.0,2375.0,51.0,633.03,0.0,0,22.73,0.0
1158,2316.0,2380.0,64.0,761.05,0.0,0,11.48,0.0
1179,2359.0,2381.0,22.0,236.58,0.0,0,7.96,1.0
1163,2326.0,2383.0,57.0,554.83,0.0,0,5.0,0.0
1176,2352.0,2387.0,35.0,287.68,5.0,1,14.77,0.0
1180,2360.0,2388.0,28.0,418.76,0.0,0,9.61,0.0
1181,2362.0,2390.0,28.0,157.32,8.0,1,18.89,0.0
1132,2264.0,2393.0,129.0,1552.56,0.0,0,34.7,0.0
1184,2368.0,2398.0,30.0,344.55,0.0,0,6.15,0.0
1172,2344.0,2401.0,57.0,355.53,12.0,2,35.91,0.0
1167,2334.0,2404.0,70.0,443.4,28.0,1,45.01,0.0
1187,2374.0,2408.0,34.0,246.48,5.0,1,18.8,0.0
1147,2294.0,2410.0,116.0,1423.35,5.0,1,27.68,0.0
1174,2348.0,2412.0,64.0,494.01,11.0,2,40.67,0.0
1161,2322.0,2413.0,91.0,1122.71,1.0,1,20.8,0.0
1190,2380.0,2413.0,33.0,250.7,1.0,1,16.79,0.0
1170,2340.0,2415.0,75.0,536.74,15.0,3,45.86,0.0
1182,2364.0,2418.0,54.0,568.8,0.0,0,12.45,0.0
1154,2308.0,2422.0,114.0,1423.35,5.0,3,35.11,0.0
1160,2320.0,2422.0,102.0,1367.22,2.0,1,21.75,0.0
1166,2332.0,2422.0,90.0,1046.09,0.0,0,10.32,0.0
1188,2376.0,2425.0,49.0,443.4,9.0,1,26.92,0.0
1207,2416.0,2425.0,9.0,81.6,0.0,0,3.9,2.0
1148,2297.0,2427.0,130.0,1710.55,0.0,0,19.46,1.0
1192,2384.0,2428.0,44.0,480.98,0.0,0,18.08,0.0
1195,2390.0,2432.0,42.0,478.35,0.0,0,14.69,0.0
1173,2346.0,2435.0,89.0,1373.21,0.0,0,11.24,0.0
1198,2396.0,2436.0,40.0,325.93,3.0,1,18.33,0.0
1171,2342.0,2439.0,97.0,786.73,20.0,1,39.93,0.0
1205,2410.0,2442.0,32.0,265.59,0.0,0,13.14,0.0
1177,2354.0,2443.0,89.0,824.31,4.0,1,26.58,0.0
1210,2420.0,2443.0,23.0,200.07,0.0,0,14.0,0.0
1204,2408.0,2446.0,38.0,456.8,0.0,0,15.25,0.0
1178,2356.0,2447.0,91.0,626.49,27.0,1,57.92,0.0
1208,2416.0,2449.0,33.0,417.72,0.0,0,11.68,0.0
1200,2400.0,2451.0,51.0,346.58,4.0,1,31.36,0.0
1136,2272.0,2456.0,184.0,1384.74,34.0,3,72.56,0.0
1199,2401.0,2460.0,59.0,400.19,12.0,2,33.4,3.0
1197,2394.0,2465.0,71.0,446.24,20.0,3,47.88,0.0
1196,2392.0,2478.0,86.0,368.92,16.0,6,61.22,0.0
1201,2402.0,2480.0,78.0,529.48,12.0,2,39.6,0.0
1209,2418.0,2481.0,63.0,631.52,2.0,1,37.29,0.0
1212,2424.0,2483.0,59.0,480.61,4.0,4,31.86,0.0
1221,2442.0,2483.0,41.0,193.85,18.0,1,29.71,0.0
1228,2456.0,2487.0,31.0,478.35,0.0,0,5.38,0.0
1222,2444.0,2490.0,46.0,567.72,0.0,0,7.21,0.0
1227,2454.0,2491.0,37.0,222.96,1.0,1,22.3,0.0
1234,2468.0,2491.0,23.0,259.31,0.0,0,8.72,0.0
1220,2440.0,2494.0,54.0,496.92,3.0,2,24.07,0.0
1235,2470.0,2494.0,24.0,179.19,2.0,1,16.28,0.0
1169,2338.0,2495.0,157.0,1710.55,4.0,1,24.63,0.0
1230,2460.0,2496.0,36.0,286.19,0.0,0,17.06,0.0
1219,2438.0,2497.0,59.0,659.1,0.0,0,14.66,0.0
1137,2275.0,2498.0,223.0,1839.76,30.0,4,103.76,1.0
1218,2438.0,2498.0,60.0,612.19,3.0,2,30.7,2.0
1186,2372.0,2499.0,127.0,1423.35,6.0,4,32.96,0.0
1191,2382.0,2500.0,118.0,1710.55,0.0,0,24.08,0.0
1206,2412.0,2500.0,88.0,1200.54,0.0,0,22.39,0.0
1217,2434.0,2501.0,67.0,563.46,2.0,1,20.61,0.0
1183,2366.0,2504.0,138.0,1496.43,4.0,3,36.44,0.0
1213,2426.0,2505.0,79.0,824.31,1.0,1,24.13,0.0
1189,2378.0,2506.0,128.0,1069.93,28.0,1,48.84,0.0
1229,2459.0,2509.0,50.0,689.94,0.0,0,17.93,1.0
1224,2451.0,2511.0,60.0,593.93,0.0,0,19.78,3.0
1225,2450.0,2512.0,62.0,309.37,20.0,1,40.97,0.0
1215,2430.0,2515.0,85.0,823.94,1.0,1,30.34,0.0
1232,2464.0,2517.0,53.0,633.03,0.0,0,20.23,0.0
1223,2446.0,2519.0,73.0,287.52,32.0,1,47.73,0.0
1248,2496.0,2519.0,23.0,266.44,0.0,0,10.72,0.0
1238,2479.0,2520.0,41.0,504.94,0.0,0,15.72,3.0
1202,2404.0,2525.0,121.0,1508.95,0.0,0,20.34,0.0
1246,2495.0,2527.0,32.0,131.89,4.0,2,22.07,3.0
1243,2486.0,2528.0,42.0,432.84,0.0,0,16.17,0.0
1233,2468.0,2530.0,62.0,425.76,2.0,2,36.61,2.0
1247,2495.0,2533.0,38.0,249.39,6.0,2,23.82,1.0
1252,2504.0,2535.0,31.0,319.74,0.0,0,14.11,0.0
1249,2498.0,2539.0,41.0,409.16,3.0,1,14.0,0.0
1267,2534.0,2541.0,7.0,52.78,0.0,0,2.19,0.0
1236,2472.0,2545.0,73.0,480.61,16.0,3,44.89,0.0
1193,2386.0,2547.0,161.0,1341.75,30.0,3,65.47,0.0
1231,2462.0,2551.0,89.0,614.46,20.0,4,48.75,0.0
1237,2474.0,2551.0,77.0,761.05,0.0,0,13.4,0.0
1258,2516.0,2556.0,40.0,443.4,0.0,0,16.12,0.0
1266,2532.0,2556.0,24.0,259.95,0.0,0,13.32,0.0
1255,2510.0,2559.0,49.0,554.83,0.0,0,4.79,0.0
1257,2514.0,2559.0,45.0,431.12,5.0,1,20.32,0.0
1242,2484.0,2560.0,76.0,606.78,2.0,2,20.74,0.0
1241,2482.0,2561.0,79.0,537.52,25.0,2,52.04,0.0
1261,2522.0,2563.0,41.0,160.49,8.0,1,29.28,0.0
1275,2550.0,2565.0,15.0,127.11,0.0,0,5.5,0.0
1216,2432.0,2567.0,135.0,1508.95,0.0,0,23.25,0.0
1254,2508.0,2567.0,59.0,689.16,0.0,0,27.72,0.0
1245,2490.0,2569.0,79.0,792.69,1.0,1,32.22,0.0
1251,2502.0,2573.0,71.0,419.71,25.0,1,43.2,0.0
1262,2524.0,2573.0,49.0,567.72,0.0,0,9.14,0.0
1203,2406.0,2576.0,170.0,1251.16,39.0,4,84.81,0.0
1263,2526.0,2577.0,51.0,537.11,0.0,0,20.51,0.0
1214,2428.0,2578.0,150.0,1710.55,4.0,1,24.31,0.0
1272,2544.0,2581.0,37.0,456.8,0.0,0,14.67,0.0
1185,2370.0,2582.0,212.0,1839.76,38.0,3,80.4,0.0
1250,2544.0,2583.0,39.0,367.63,0.0,0,5.63,44.0
1271,2542.0,2584.0,42.0,572.01,0.0,0,14.77,0.0
1286,2572.0,2590.0,18.0,287.67,0.0,0,6.11,0.0
1276,2552.0,2591.0,39.0,325.93,1.0,1,18.88,0.0
1264,2528.0,2592.0,64.0,346.58,14.0,1,39.47,0.0
1285,2570.0,2592.0,22.0,242.96,0.0,0,3.51,0.0
1268,2536.0,2594.0,58.0,293.8,10.0,2,40.64,0.0
1282,2564.0,2594.0,30.0,325.93,0.0,0,10.38,0.0
1211,2422.0,2595.0,173.0,1509.83,27.0,4,73.85,0.0
1256,2512.0,2595.0,83.0,792.69,4.0,1,30.47,0.0
1244,2488.0,2598.0,110.0,536.74,38.0,3,72.92,0.0
1260,2520.0,2599.0,79.0,494.01,24.0,3,54.26,0.0
1270,2540.0,2603.0,63.0,416.38,7.0,2,29.34,0.0
1194,2389.0,2606.0,217.0,1552.56,52.0,6,106.69,1.0
1273,2546.0,2609.0,63.0,346.52,11.0,1,42.03,0.0
1292,2584.0,2610.0,26.0,217.73,0.0,0,7.27,0.0
1296,2592.0,2615.0,23.0,241.75,0.0,0,8.31,0.0
1287,2574.0,2616.0,42.0,414.23,1.0,1,19.01,0.0
1279,2559.0,2618.0,59.0,537.11,7.0,1,30.46,1.0
1274,2548.0,2620.0,72.0,328.29,32.0,1,48.43,0.0
1283,2566.0,2626.0,60.0,478.69,11.0,2,31.67,0.0
1226,2452.0,2630.0,178.0,1496.43,26.0,1,59.22,0.0
1293,2588.0,2631.0,43.0,392.94,0.0,0,9.82,2.0
1295,2590.0,2636.0,46.0,538.1,0.0,0,19.84,0.0
1290,2580.0,2640.0,60.0,649.67,0.0,0,12.75,0.0
1297,2594.0,2643.0,49.0,689.94,0.0,0,22.14,0.0
1302,2604.0,2643.0,39.0,456.8,0.0,0,16.64,0.0
1278,2556.0,2644.0,88.0,385.94,40.0,2,62.13,0.0
1277,2554.0,2649.0,95.0,792.69,9.0,1,41.99,0.0
1298,2596.0,2650.0,54.0,418.76,11.0,4,35.89,0.0
1299,2598.0,2654.0,56.0,654.53,0.0,0,10.33,0.0
1306,2614.0,2654.0,40.0,394.02,0.0,0,9.95,2.0
1239,2478.0,2656.0,178.0,1341.75,36.0,2,66.3,0.0
1304,2608.0,2656.0,48.0,494.01,0.0,0,17.13,0.0
1309,2618.0,2657.0,39.0,473.85,0.0,0,14.07,0.0
1281,2563.0,2660.0,97.0,1128.56,0.0,0,10.78,1.0
1269,2538.0,2663.0,125.0,1122.71,0.0,0,33.29,0.0
1280,2560.0,2667.0,107.0,1373.21,0.0,0,10.01,0.0
1265,2530.0,2668.0,138.0,1341.75,13.0,4,40.73,0.0
1284,2645.0,2671.0,26.0,288.53,0.0,0,9.82,77.0
1294,2588.0,2671.0,83.0,823.94,0.0,0,22.07,0.0
1307,2614.0,2674.0,60.0,325.93,25.0,2,37.97,0.0
1318,2641.0,2675.0,34.0,351.83,0.0,0,5.11,5.0
1308,2616.0,2677.0,61.0,689.16,4.0,1,29.18,0.0
1327,2654.0,2678.0,24.0,259.31,0.0,0,7.05,0.0
1317,2650.0,2679.0,29.0,303.57,0.0,0,10.06,16.0
1253,2506.0,2682.0,176.0,1432.2,24.0,1,58.94,0.0
1311,2622.0,2684.0,62.0,689.16,2.0,1,29.1,0.0
1291,2582.0,2687.0,105.0,1182.06,16.0,1,36.62,0.0
1240,2481.0,2688.0,207.0,1552.56,37.0,3,116.37,1.0
1339,2678.0,2692.0,14.0,179.54,0.0,0,5.61,0.0
1322,2644.0,2698.0,54.0,326.97,10.0,3,34.56,0.0
1310,2648.0,2700.0,52.0,312.28,1.0,1,33.65,28.0
1314,2628.0,2703.0,75.0,633.03,8.0,2,42.44,0.0
1305,2610.0,2704.0,94.0,548.89,38.0,2,66.99,0.0
1259,2518.0,2706.0,188.0,1552.56,32.0,3,91.75,0.0
1334,2671.0,2708.0,37.0,274.74,2.0,1,14.86,3.0
1320,2640.0,2709.0,69.0,440.51,19.0,2,43.57,0.0
1330,2660.0,2709.0,49.0,689.94,0.0,0,18.19,0.0
1329,2658.0,2710.0,52.0,227.24,21.0,1,32.09,0.0
1288,2576.0,2711.0,135.0,1508.95,7.0,1,40.76,0.0
1338,2676.0,2713.0,37.0,430.54,0.0,0,14.15,0.0
1341,2682.0,2713.0,31.0,288.53,4.0,1,15.88,0.0
1328,2656.0,2716.0,60.0,574.0,0.0,0,25.31,0.0
1332,2664.0,2718.0,54.0,419.29,4.0,1,17.21,0.0
1289,2578.0,2724.0,146.0,1509.83,2.0,1,34.38,0.0
1331,2662.0,2727.0,65.0,484.28,9.0,1,39.07,0.0
1323,2646.0,2728.0,82.0,977.14,0.0,0,7.69,0.0
1326,2652.0,2728.0,76.0,537.52,25.0,1,48.03,0.0
1356,2712.0,2729.0,17.0,48.75,5.0,1,12.65,0.0
1342,2684.0,2731.0,47.0,473.02,0.0,0,17.77,0.0
1301,2602.0,2734.0,132.0,1122.71,1.0,1,27.42,0.0
1321,2642.0,2734.0,92.0,660.08,21.0,2,48.09,0.0
1355,2710.0,2735.0,25.0,280.0,3.0,1,10.7,0.0
1340,2680.0,2737.0,57.0,659.1,0.0,0,10.18,0.0
1358,2716.0,2737.0,21.0,221.3,0.0,0,3.75,0.0
1348,2696.0,2742.0,46.0,449.58,0.0,0,24.03,0.0
1324,2648.0,2744.0,96.0,1423.35,0.0,0,20.9,0.0
1303,2606.0,2745.0,139.0,1172.32,0.0,0,36.5,0.0
1300,2600.0,2747.0,147.0,877.54,25.0,3,73.24,0.0
1335,2670.0,2749.0,79.0,824.31,0.0,0,23.52,0.0
1315,2630.0,2750.0,120.0,437.47,67.0,1,90.66,0.0
1371,2742.0,2750.0,8.0,61.65,0.0,0,5.07,0.0
1346,2692.0,2753.0,61.0,655.48,0.0,0,16.29,0.0
1357,2714.0,2758.0,44.0,480.98,0.0,0,16.66,0.0
1368,2749.0,2758.0,9.0,82.06,0.0,0,5.13,13.0
1360,2720.0,2761.0,41.0,286.19,3.0,1,25.42,0.0
1353,2706.0,2762.0,56.0,568.8,0.0,0,9.0,0.0
1374,2748.0,2764.0,16.0,262.09,0.0,0,4.94,0.0
1319,2638.0,2769.0,131.0,1508.95,0.0,0,21.29,0.0
1336,2672.0,2769.0,97.0,1373.21,0.0,0,9.5,0.0
1350,2700.0,2769.0,69.0,494.01,18.0,2,38.85,0.0
1361,2722.0,2774.0,52.0,568.8,0.0,0,10.13,0.0
1372,2744.0,2776.0,32.0,297.53,0.0,0,16.19,0.0
1312,2624.0,2778.0,154.0,1431.12,5.0,1,33.01,0.0
1343,2686.0,2778.0,92.0,1373.21,0.0,0,12.29,0.0
1364,2728.0,2780.0,52.0,567.72,0.0,0,9.99,0.0
1369,2738.0,2782.0,44.0,456.8,3.0,1,25.49,0.0
1316,2632.0,2784.0,152.0,357.8,99.0,4,130.92,0.0
1366,2732.0,2785.0,53.0,568.8,0.0,0,13.49,0.0
1391,2782.0,2787.0,5.0,19.41,0.0,0,3.1,0.0
1325,2651.0,2788.0,137.0,1508.95,5.0,2,31.23,1.0
1365,2730.0,2790.0,60.0,572.01,6.0,1,25.41,0.0
1351,2702.0,2798.0,96.0,392.31,35.0,2,75.08,0.0
1395,2790.0,2800.0,10.0,59.62,0.0,0,3.78,0.0
1373,2746.0,2801.0,55.0,646.43,0.0,0,18.39,0.0
1354,2708.0,2802.0,94.0,655.48,17.0,1,40.23,0.0
1363,2726.0,2802.0,76.0,480.61,24.0,2,49.75,0.0
1392,2784.0,2802.0,18.0,145.53,0.0,0,8.03,0.0
1345,2690.0,2804.0,114.0,1710.55,0.0,0,16.5,0.0
1390,2780.0,2804.0,24.0,199.51,0.0,0,12.88,0.0
1376,2752.0,2805.0,53.0,287.46,13.0,2,36.32,0.0
1349,2698.0,2806.0,108.0,670.71,40.0,3,76.02,0.0
1362,2724.0,2806.0,82.0,460.72,18.0,2,50.85,0.0
1337,2675.0,2808.0,133.0,1508.95,0.0,0,22.75,1.0
1367,2734.0,2810.0,76.0,675.22,10.0,1,45.46,0.0
1378,2756.0,2812.0,56.0,614.46,0.0,0,17.97,0.0
1397,2794.0,2816.0,22.0,234.27,0.0,0,8.54,0.0
1387,2776.0,2818.0,42.0,362.46,0.0,0,21.8,2.0
1389,2779.0,2818.0,39.0,456.8,1.0,1,18.83,1.0
1352,2704.0,2820.0,116.0,1508.95,0.0,0,20.22,0.0
1404,2808.0,2823.0,15.0,67.14,0.0,0,10.15,0.0
1375,2753.0,2826.0,73.0,776.17,0.0,0,15.17,3.0
1370,2740.0,2827.0,87.0,1386.97,0.0,0,18.69,0.0
1377,2766.0,2832.0,66.0,775.19,0.0,0,15.24,12.0
1388,2776.0,2832.0,56.0,447.92,6.0,2,36.57,0.0
1401,2802.0,2837.0,35.0,344.55,0.0,0,4.51,0.0
1398,2796.0,2839.0,43.0,418.76,10.0,1,23.96,0.0
1402,2804.0,2840.0,36.0,285.82,0.0,0,14.74,0.0
1393,2786.0,2841.0,55.0,603.88,0.0,0,5.49,0.0
1379,2758.0,2842.0,84.0,976.36,1.0,1,22.11,0.0
1396,2792.0,2842.0,50.0,575.27,0.0,0,13.06,0.0
1403,2806.0,2844.0,38.0,484.8,1.0,1,17.53,0.0
1313,2627.0,2846.0,219.0,1839.76,32.0,3,89.55,1.0
1359,2718.0,2846.0,128.0,1423.35,0.0,0,17.19,0.0
1394,2788.0,2850.0,62.0,668.27,0.0,0,8.67,0.0
1407,2814.0,2850.0,36.0,473.85,0.0,0,15.26,0.0
1380,2760.0,2852.0,92.0,998.09,0.0,0,9.95,0.0
1347,2694.0,2854.0,160.0,1185.62,56.0,1,88.57,0.0
1344,2688.0,2855.0,167.0,1341.75,58.0,1,80.56,0.0
1384,2768.0,2857.0,89.0,792.69,12.0,1,40.25,0.0
1385,2770.0,2860.0,90.0,315.2,46.0,1,67.32,0.0
1406,2812.0,2860.0,48.0,567.72,0.0,0,9.38,0.0
1409,2818.0,2870.0,52.0,537.52,1.0,1,23.59,0.0
1382,2764.0,2872.0,108.0,1122.71,0.0,0,21.36,0.0
1423,2846.0,2874.0,28.0,418.76,0.0,0,10.07,0.0
1410,2820.0,2875.0,55.0,700.79,0.0,0,9.05,0.0
1418,2836.0,2875.0,39.0,473.85,0.0,0,15.37,0.0
1333,2666.0,2876.0,210.0,1384.74,72.0,4,113.93,0.0
1413,2826.0,2876.0,50.0,480.98,2.0,1,23.98,0.0
1426,2852.0,2876.0,24.0,424.73,0.0,0,6.33,0.0
1383,2766.0,2879.0,113.0,469.98,53.0,1,75.04,0.0
1405,2810.0,2881.0,71.0,649.67,0.0,0,15.56,0.0
1420,2840.0,2882.0,42.0,417.72,3.0,1,19.77,0.0
1425,2850.0,2882.0,32.0,222.84,2.0,1,15.55,0.0
1412,2824.0,2884.0,60.0,614.46,0.0,0,16.67,0.0
1421,2842.0,2885.0,43.0,325.93,10.0,1,22.61,0.0
1428,2856.0,2885.0,29.0,359.05,0.0,0,12.8,0.0
1381,2840.0,2888.0,48.0,418.21,0.0,0,15.96,78.0
1416,2832.0,2889.0,57.0,581.71,0.0,0,12.11,0.0
1417,2834.0,2891.0,57.0,689.16,0.0,0,22.24,0.0
1400,2800.0,2892.0,92.0,547.61,26.0,2,64.64,0.0
1436,2872.0,2892.0,20.0,156.1,0.0,0,9.14,0.0
1399,2798.0,2894.0,96.0,1172.32,0.0,0,16.91,0.0
1439,2878.0,2899.0,21.0,223.87,0.0,0,7.81,0.0
1415,2830.0,2903.0,73.0,480.61,15.0,1,35.09,0.0
1419,2838.0,2906.0,68.0,536.74,13.0,1,38.74,0.0
1427,2854.0,2908.0,54.0,180.03,23.0,2,42.35,0.0
1445,2890.0,2908.0,18.0,70.53,1.0,1,12.86,0.0
1437,2874.0,2911.0,37.0,420.43,0.0,0,15.92,0.0
1411,2822.0,2912.0,90.0,1200.54,0.0,0,19.22,0.0
1431,2862.0,2913.0,51.0,417.72,12.0,1,28.76,0.0
1453,2906.0,2915.0,9.0,63.83,0.0,0,3.65,0.0
1422,2844.0,2917.0,73.0,753.04,2.0,2,23.34,0.0
1430,2860.0,2917.0,57.0,522.92,4.0,1,31.86,0.0
1429,2860.0,2923.0,63.0,612.19,1.0,1,27.89,2.0
1449,2898.0,2925.0,27.0,418.76,0.0,0,8.42,0.0
1408,2816.0,2930.0,114.0,1263.61,2.0,1,27.58,0.0
1432,2864.0,2930.0,66.0,603.88,0.0,0,6.72,0.0
1446,2892.0,2930.0,38.0,237.07,7.0,2,21.29,0.0
1435,2870.0,2931.0,61.0,603.88,0.0,0,4.98,0.0
1386,2772.0,2934.0,162.0,1839.76,0.0,0,31.84,0.0
1456,2912.0,2935.0,23.0,336.92,0.0,0,7.06,0.0
1448,2896.0,2936.0,40.0,423.11,0.0,0,17.94,0.0
1457,2915.0,2937.0,22.0,254.88,0.0,0,8.97,1.0
1441,2883.0,2938.0,55.0,646.43,2.0,2,23.3,1.0
1424,2848.0,2941.0,93.0,655.48,21.0,1,52.92,0.0
1443,2886.0,2942.0,56.0,572.01,4.0,1,22.8,0.0
1444,2888.0,2944.0,56.0,614.46,0.0,0,19.72,0.0
1414,2828.0,2945.0,117.0,1320.89,0.0,0,18.99,0.0
1458,2916.0,2951.0,35.0,379.53,0.0,0,13.72,0.0
1438,2877.0,2958.0,81.0,760.47,0.0,0,14.54,1.0
1440,2880.0,2960.0,80.0,976.36,0.0,0,26.53,0.0
1465,2930.0,2960.0,30.0,307.9,0.0,0,10.61,0.0
1450,2900.0,2961.0,61.0,563.46,0.0,0,20.5,0.0
1433,2866.0,2963.0,97.0,1200.54,0.0,0,18.49,0.0
1452,2904.0,2967.0,63.0,761.05,0.0,0,13.98,0.0
1473,2946.0,2968.0,22.0,288.53,0.0,0,8.61,0.0
1467,2934.0,2969.0,35.0,371.89,0.0,0,17.48,0.0
1434,2869.0,2970.0,101.0,1367.22,1.0,1,22.31,1.0
1477,2954.0,2972.0,18.0,57.02,0.0,0,13.42,0.0
1463,2926.0,2974.0,48.0,480.61,0.0,0,22.67,0.0
1474,2948.0,2974.0,26.0,296.59,0.0,0,7.46,0.0
1461,2923.0,2975.0,52.0,522.39,4.0,1,26.55,1.0
1460,2920.0,2976.0,56.0,568.8,0.0,0,8.99,0.0
1462,2924.0,2978.0,54.0,540.68,0.0,0,22.43,0.0
1464,2928.0,2983.0,55.0,659.1,0.0,0,9.71,0.0
1471,2942.0,2988.0,46.0,425.16,2.0,1,25.82,0.0
1468,2937.0,2990.0,53.0,484.28,0.0,0,25.51,1.0
1472,2944.0,2992.0,48.0,568.8,0.0,0,9.42,0.0
1475,2950.0,2994.0,44.0,447.92,0.0,0,22.62,0.0
1442,2884.0,3005.0,121.0,1122.71,10.0,1,34.82,0.0
1466,2932.0,3005.0,73.0,976.36,0.0,0,17.4,0.0
1493,2986.0,3007.0,21.0,165.05,0.0,0,8.88,0.0
1484,2970.0,3009.0,39.0,417.14,0.0,0,14.45,2.0
1480,2960.0,3010.0,50.0,507.4,0.0,0,22.24,0.0
1451,2902.0,3012.0,110.0,1122.71,0.0,0,27.03,0.0
1478,2956.0,3012.0,56.0,633.03,0.0,0,24.89,0.0
1486,2972.0,3013.0,41.0,462.56,0.0,0,20.62,0.0
1479,2958.0,3015.0,57.0,614.46,0.0,0,13.35,0.0
1495,2990.0,3016.0,26.0,259.31,0.0,0,10.71,0.0
1454,2908.0,3018.0,110.0,1069.93,6.0,1,33.39,0.0
1497,2994.0,3020.0,26.0,358.82,0.0,0,11.65,0.0
1482,2965.0,3023.0,58.0,567.2,0.0,0,8.09,1.0
1459,2918.0,3024.0,106.0,1380.62,0.0,0,18.4,0.0
1492,2984.0,3025.0,41.0,309.09,10.0,1,21.01,0.0
1470,2940.0,3026.0,86.0,823.94,0.0,0,19.92,0.0
1455,2911.0,3029.0,118.0,1122.71,5.0,1,47.05,1.0
1491,2991.0,3033.0,42.0,488.77,0.0,0,16.48,9.0
1494,2988.0,3039.0,51.0,537.52,0.0,0,18.08,0.0
1469,2938.0,3040.0,102.0,1373.21,0.0,0,10.06,0.0
1501,3002.0,3040.0,38.0,473.85,0.0,0,13.63,0.0
1490,2980.0,3042.0,62.0,614.46,2.0,1,22.49,0.0
1487,2974.0,3047.0,73.0,494.01,19.0,2,46.89,0.0
1499,2999.0,3047.0,48.0,567.72,0.0,0,10.62,1.0
1514,3028.0,3047.0,19.0,241.29,0.0,0,3.79,0.0
1483,2966.0,3052.0,86.0,1200.54,0.0,0,19.3,0.0
1505,3010.0,3053.0,43.0,295.82,2.0,1,24.48,0.0
1481,2962.0,3054.0,92.0,689.16,26.0,2,54.1,0.0
1503,3006.0,3054.0,48.0,486.97,0.0,0,11.93,0.0
1476,2952.0,3055.0,103.0,1419.58,0.0,0,19.19,0.0
1500,3000.0,3057.0,57.0,346.58,6.0,1,33.07,0.0
1520,3040.0,3059.0,19.0,164.1,0.0,0,7.61,0.0
1510,3020.0,3062.0,42.0,456.8,1.0,1,22.25,0.0
1485,2970.0,3063.0,93.0,689.16,24.0,3,58.3,0.0
1506,3012.0,3064.0,52.0,504.94,6.0,1,29.03,0.0
1489,2979.0,3074.0,95.0,1373.21,0.0,0,12.55,1.0
1512,3024.0,3080.0,56.0,449.58,10.0,2,31.55,0.0
1528,3056.0,3080.0,24.0,135.1,0.0,0,13.32,0.0
1504,3008.0,3083.0,75.0,356.74,26.0,2,56.57,0.0
1447,2894.0,3084.0,190.0,1552.56,40.0,3,87.97,0.0
1513,3026.0,3084.0,58.0,700.79,0.0,0,9.43,0.0
1530,3060.0,3084.0,24.0,418.76,0.0,0,5.46,0.0
1496,2992.0,3085.0,93.0,1367.22,0.0,0,17.24,0.0
1488,2976.0,3088.0,112.0,1508.95,0.0,0,20.22,0.0
1516,3032.0,3091.0,59.0,700.79,0.0,0,10.69,0.0
1522,3044.0,3092.0,48.0,537.52,0.0,0,17.27,0.0
1508,3021.0,3095.0,74.0,612.19,6.0,3,42.68,5.0
1524,3048.0,3097.0,49.0,505.05,0.0,0,15.4,0.0
1511,3022.0,3098.0,76.0,757.56,0.0,0,13.37,0.0
1507,3014.0,3099.0,85.0,538.68,25.0,1,56.25,0.0
1509,3018.0,3099.0,81.0,572.01,33.0,1,51.45,0.0
1515,3030.0,3099.0,69.0,786.73,0.0,0,17.93,0.0
1537,3077.0,3100.0,23.0,233.24,0.0,0,7.89,3.0
1525,3050.0,3105.0,55.0,484.28,3.0,2,32.41,0.0
1502,3004.0,3107.0,103.0,1386.97,0.0,0,17.56,0.0
1526,3053.0,3110.0,57.0,484.28,0.0,0,31.66,1.0
1529,3058.0,3114.0,56.0,473.85,8.0,2,31.01,0.0
1533,3066.0,3115.0,49.0,196.64,13.0,1,35.1,0.0
1527,3054.0,3116.0,62.0,700.79,0.0,0,10.43,0.0
1536,3072.0,3118.0,46.0,265.59,4.0,1,31.29,0.0
1498,2996.0,3119.0,123.0,976.36,34.0,2,66.1,0.0
1548,3096.0,3121.0,25.0,331.58,0.0,0,9.58,0.0
1534,3068.0,3124.0,56.0,689.16,0.0,0,20.75,0.0
1519,3038.0,3131.0,93.0,1419.58,0.0,0,18.0,0.0
1535,3070.0,3131.0,61.0,700.79,0.0,0,8.84,0.0
1531,3062.0,3132.0,70.0,609.96,6.0,1,33.59,0.0
1539,3079.0,3136.0,57.0,536.74,0.0,0,25.2,1.0
1517,3034.0,3137.0,103.0,1367.22,0.0,0,14.09,0.0
1553,3106.0,3142.0,36.0,281.06,0.0,0,17.61,0.0
1521,3042.0,3145.0,103.0,1423.35,0.0,0,21.37,0.0
1541,3082.0,3145.0,63.0,494.01,8.0,2,39.61,0.0
1523,3046.0,3148.0,102.0,1239.18,0.0,0,17.83,0.0
1546,3092.0,3148.0,56.0,464.51,0.0,0,28.37,0.0
1558,3116.0,3149.0,33.0,282.28,5.0,1,14.85,0.0
1544,3088.0,3153.0,65.0,536.74,8.0,2,33.99,0.0
1556,3112.0,3153.0,41.0,480.98,0.0,0,17.31,0.0
1538,3076.0,3155.0,79.0,823.94,0.0,0,20.5,0.0
1540,3080.0,3158.0,78.0,443.4,38.0,1,57.22,0.0
1555,3110.0,3161.0,51.0,567.72,0.0,0,8.87,0.0
1566,3132.0,3161.0,29.0,325.93,0.0,0,10.31,0.0
1551,3102.0,3168.0,66.0,585.73,7.0,2,38.62,0.0
1568,3136.0,3168.0,32.0,265.59,0.0,0,16.94,0.0
1545,3091.0,3170.0,79.0,536.74,12.0,4,45.45,1.0
1554,3108.0,3172.0,64.0,668.27,5.0,1,19.84,0.0
1563,3130.0,3174.0,44.0,427.63,3.0,1,18.43,4.0
1543,3087.0,3180.0,93.0,1256.94,0.0,0,18.84,1.0
1549,3098.0,3180.0,82.0,1200.54,0.0,0,18.07,0.0
1575,3150.0,3180.0,30.0,344.55,0.0,0,6.42,0.0
1564,3139.0,3182.0,43.0,298.36,3.0,1,24.29,11.0
1542,3084.0,3185.0,101.0,1423.35,0.0,0,21.49,0.0
1562,3124.0,3185.0,61.0,381.07,12.0,1,35.81,0.0
1561,3122.0,3187.0,65.0,603.88,0.0,0,6.21,0.0
1518,3036.0,3190.0,154.0,1496.43,17.0,2,55.0,0.0
1585,3170.0,3192.0,22.0,253.09,0.0,0,3.05,0.0
1567,3134.0,3193.0,59.0,473.02,3.0,3,27.21,0.0
1552,3104.0,3195.0,91.0,1380.62,0.0,0,17.19,0.0
1559,3118.0,3195.0,77.0,581.71,18.0,1,29.79,0.0
1587,3175.0,3195.0,20.0,237.27,0.0,0,9.16,1.0
1560,3120.0,3198.0,78.0,824.31,0.0,0,19.69,0.0
1569,3138.0,3199.0,61.0,646.43,6.0,1,25.76,0.0
1572,3144.0,3200.0,56.0,542.41,0.0,0,18.73,0.0
1593,3186.0,3201.0,15.0,200.19,0.0,0,5.01,0.0
1547,3094.0,3206.0,112.0,1341.75,0.0,0,19.08,0.0
1571,3142.0,3207.0,65.0,536.74,6.0,2,33.34,0.0
1595,3190.0,3207.0,17.0,190.36,0.0,0,7.5,0.0
1577,3155.0,3208.0,53.0,471.65,4.0,1,30.64,1.0
1583,3166.0,3215.0,49.0,404.21,8.0,1,24.36,0.0
1532,3064.0,3218.0,154.0,1431.12,13.0,1,39.89,0.0
1557,3114.0,3221.0,107.0,1341.75,0.0,0,16.64,0.0
1603,3207.0,3228.0,21.0,177.29,0.0,0,9.78,1.0
1565,3130.0,3229.0,99.0,1277.31,0.0,0,18.64,0.0
1580,3160.0,3230.0,70.0,761.05,5.0,1,21.04,0.0
1598,3197.0,3230.0,33.0,364.39,0.0,0,16.3,1.0
1550,3100.0,3232.0,132.0,1509.83,2.0,1,37.39,0.0
1576,3152.0,3232.0,80.0,536.74,22.0,2,49.33,0.0
1591,3182.0,3233.0,51.0,554.83,0.0,0,4.94,0.0
1604,3208.0,3237.0,29.0,280.0,1.0,1,13.52,0.0
1570,3140.0,3238.0,98.0,1423.35,0.0,0,23.44,0.0
1592,3184.0,3239.0,55.0,456.8,13.0,1,32.94,0.0
1597,3194.0,3241.0,47.0,480.98,0.0,0,19.39,0.0
1602,3205.0,3241.0,36.0,366.55,0.0,0,6.77,1.0
1599,3198.0,3242.0,44.0,456.8,3.0,2,24.77,0.0
1581,3162.0,3244.0,82.0,1190.75,0.0,0,8.3,0.0
1596,3193.0,3255.0,62.0,462.56,13.0,1,42.57,1.0
1582,3165.0,3256.0,91.0,1130.89,0.0,0,9.54,1.0
1586,3172.0,3259.0,87.0,244.03,53.0,2,69.54,0.0
1588,3176.0,3259.0,83.0,976.36,0.0,0,17.5,0.0
1608,3217.0,3262.0,45.0,287.46,7.0,1,25.44,1.0
1594,3188.0,3263.0,75.0,256.74,37.0,2,57.41,0.0
1619,3238.0,3263.0,25.0,259.31,0.0,0,11.47,0.0
1606,3212.0,3266.0,54.0,322.47,10.0,1,32.39,0.0
1607,3214.0,3266.0,52.0,346.58,9.0,1,26.22,0.0
1601,3202.0,3268.0,66.0,574.0,1.0,1,21.98,0.0
1600,3200.0,3270.0,70.0,474.34,6.0,2,22.93,0.0
1614,3228.0,3271.0,43.0,344.55,8.0,1,16.89,0.0
1584,3168.0,3273.0,105.0,1043.03,14.0,1,32.14,0.0
1574,3149.0,3274.0,125.0,1431.12,0.0,0,32.59,1.0
1578,3156.0,3274.0,118.0,1069.93,18.0,1,42.39,0.0
1615,3230.0,3274.0,44.0,362.46,0.0,0,22.04,0.0
1611,3222.0,3277.0,55.0,568.8,0.0,0,8.02,0.0
1624,3249.0,3277.0,28.0,323.2,0.0,0,3.64,1.0
1579,3159.0,3278.0,119.0,1063.59,18.0,1,45.2,1.0
1605,3210.0,3282.0,72.0,1101.75,0.0,0,11.27,0.0
1573,3146.0,3284.0,138.0,1509.83,0.0,0,38.14,0.0
1625,3250.0,3284.0,34.0,206.47,0.0,0,22.54,0.0
1616,3232.0,3288.0,56.0,448.91,0.0,0,27.35,0.0
1589,3178.0,3289.0,111.0,1161.35,12.0,1,45.74,0.0
1590,3181.0,3293.0,112.0,1093.29,0.0,0,19.1,1.0
1612,3224.0,3294.0,70.0,603.88,0.0,0,6.6,0.0
1618,3250.0,3294.0,44.0,445.26,0.0,0,21.96,14.0
1617,3234.0,3296.0,62.0,568.58,5.0,1,21.98,0.0
1610,3220.0,3300.0,80.0,536.74,14.0,1,43.13,0.0
1651,3302.0,3303.0,1.0,0.0,0.0,0,0.91,0.0
1628,3256.0,3304.0,48.0,415.3,0.0,0,10.76,0.0
1609,3218.0,3305.0,87.0,1182.06,0.0,0,14.71,0.0
1631,3262.0,3305.0,43.0,486.97,0.0,0,9.76,0.0
1626,3252.0,3310.0,58.0,536.74,0.0,0,19.07,0.0
1629,3258.0,3310.0,52.0,425.16,8.0,1,30.69,0.0
1646,3292.0,3310.0,18.0,209.36,0.0,0,7.0,0.0
1623,3246.0,3313.0,67.0,824.31,0.0,0,16.61,0.0
1634,3268.0,3316.0,48.0,537.52,0.0,0,22.37,0.0
1620,3240.0,3320.0,80.0,823.94,0.0,0,25.88,0.0
1650,3300.0,3323.0,23.0,418.76,0.0,0,5.9,0.0
1633,3266.0,3326.0,60.0,473.02,5.0,1,28.1,0.0
1647,3294.0,3326.0,32.0,324.17,0.0,0,3.79,0.0
1639,3278.0,3328.0,50.0,668.27,0.0,0,10.53,0.0
1632,3264.0,3330.0,66.0,469.98,2.0,1,25.52,0.0
1653,3306.0,3330.0,24.0,125.76,3.0,2,9.35,0.0
1638,3276.0,3334.0,58.0,568.8,1.0,1,18.3,0.0
1621,3242.0,3338.0,96.0,1423.35,0.0,0,18.4,0.0
1637,3274.0,3341.0,67.0,222.84,35.0,1,51.89,0.0
1648,3296.0,3341.0,45.0,428.55,2.0,1,13.84,0.0
1667,3335.0,3343.0,8.0,54.25,0.0,0,3.48,1.0
1627,3254.0,3344.0,90.0,1200.54,0.0,0,17.89,0.0
1659,3318.0,3344.0,26.0,418.76,0.0,0,5.74,0.0
1660,3320.0,3344.0,24.0,336.92,0.0,0,5.15,0.0
1640,3280.0,3345.0,65.0,655.48,2.0,1,25.47,0.0
1644,3292.0,3347.0,55.0,488.97,1.0,1,22.5,4.0
1666,3332.0,3348.0,16.0,222.95,0.0,0,5.7,0.0
1643,3286.0,3351.0,65.0,367.63,23.0,2,34.85,0.0
1645,3290.0,3351.0,61.0,567.72,11.0,1,25.36,0.0
1613,3226.0,3352.0,126.0,1552.56,3.0,2,39.75,0.0
1642,3284.0,3357.0,73.0,655.48,0.0,0,22.4,0.0
1630,3261.0,3359.0,98.0,440.51,55.0,2,76.57,1.0
1655,3310.0,3359.0,49.0,568.8,0.0,0,8.54,0.0
1635,3270.0,3361.0,91.0,1250.15,0.0,0,17.36,0.0
1622,3245.0,3362.0,117.0,1508.95,0.0,0,19.38,1.0
1665,3336.0,3363.0,27.0,172.62,0.0,0,14.75,6.0
1663,3326.0,3364.0,38.0,484.8,0.0,0,16.96,0.0
1658,3316.0,3368.0,52.0,480.98,4.0,1,25.4,0.0
1662,3324.0,3369.0,45.0,440.51,0.0,0,13.32,0.0
1641,3282.0,3370.0,88.0,1367.22,0.0,0,16.59,0.0
1657,3315.0,3374.0,59.0,419.71,14.0,1,31.57,1.0
1654,3308.0,3376.0,68.0,614.46,12.0,2,33.26,0.0
1656,3312.0,3385.0,73.0,761.05,1.0,1,16.15,0.0
1661,3323.0,3389.0,66.0,661.51,2.0,1,16.98,1.0
1668,3336.0,3389.0,53.0,244.28,20.0,1,34.7,0.0
1669,3338.0,3393.0,55.0,659.1,0.0,0,9.84,0.0
1677,3354.0,3393.0,39.0,431.12,0.0,0,16.69,0.0
1636,3273.0,3395.0,122.0,1508.95,0.0,0,25.45,1.0
1678,3357.0,3395.0,38.0,420.22,0.0,0,6.94,1.0
1672,3344.0,3399.0,55.0,325.93,18.0,1,33.81,0.0
1693,3386.0,3399.0,13.0,137.55,0.0,0,4.19,0.0
1664,3328.0,3404.0,76.0,689.48,6.0,2,28.6,0.0
1691,3382.0,3408.0,26.0,424.73,0.0,0,5.93,0.0
1681,3362.0,3410.0,48.0,494.38,0.0,0,23.71,0.0
1689,3378.0,3417.0,39.0,404.21,0.0,0,13.75,0.0
1696,3392.0,3417.0,25.0,385.54,0.0,0,5.02,0.0
1685,3372.0,3419.0,47.0,362.46,0.0,0,26.28,2.0
1673,3346.0,3421.0,75.0,824.31,0.0,0,16.05,0.0
1675,3350.0,3421.0,71.0,533.89,13.0,1,36.72,0.0
1688,3376.0,3421.0,45.0,328.29,3.0,1,25.27,0.0
1671,3342.0,3423.0,81.0,689.16,14.0,1,38.73,0.0
1676,3352.0,3423.0,71.0,554.83,0.0,0,7.53,0.0
1686,3372.0,3425.0,53.0,347.85,13.0,2,37.28,0.0
1649,3298.0,3426.0,128.0,1509.83,0.0,0,32.57,0.0
1684,3368.0,3427.0,59.0,456.81,9.0,1,32.52,0.0
1674,3348.0,3430.0,82.0,536.74,19.0,2,50.37,0.0
1699,3398.0,3433.0,35.0,414.23,0.0,0,14.26,0.0
1698,3396.0,3434.0,38.0,321.95,4.0,1,18.64,0.0
1690,3380.0,3437.0,57.0,430.68,2.0,1,25.11,0.0
1706,3412.0,3443.0,31.0,306.34,0.0,0,13.27,0.0
1679,3358.0,3446.0,88.0,1147.76,0.0,0,17.64,0.0
1682,3364.0,3447.0,83.0,1046.09,0.0,0,11.22,0.0
1715,3430.0,3451.0,21.0,249.98,0.0,0,8.9,0.0
1713,3426.0,3452.0,26.0,244.65,0.0,0,9.11,0.0
1697,3394.0,3453.0,59.0,559.74,0.0,0,27.45,0.0
1670,3340.0,3457.0,117.0,826.85,24.0,2,52.49,0.0
1683,3366.0,3457.0,91.0,614.46,30.0,1,50.35,0.0
1723,3449.0,3457.0,8.0,40.42,0.0,0,6.0,3.0
1710,3423.0,3458.0,35.0,287.36,0.0,0,22.65,3.0
1708,3417.0,3462.0,45.0,568.8,0.0,0,9.34,1.0
1705,3410.0,3463.0,53.0,670.71,0.0,0,20.92,0.0
1711,3422.0,3465.0,43.0,413.16,0.0,0,14.81,0.0
1701,3402.0,3466.0,64.0,554.83,0.0,0,5.39,0.0
1695,3390.0,3469.0,79.0,1046.09,0.0,0,10.7,0.0
1700,3400.0,3472.0,72.0,761.05,0.0,0,15.13,0.0
1694,3389.0,3474.0,85.0,547.61,25.0,2,58.29,1.0
1687,3374.0,3477.0,103.0,1200.54,0.0,0,19.98,0.0
1712,3424.0,3479.0,55.0,614.46,0.0,0,14.97,0.0
1724,3448.0,3480.0,32.0,424.73,0.0,0,14.14,0.0
1704,3408.0,3481.0,73.0,747.54,0.0,0,16.02,0.0
1716,3432.0,3487.0,55.0,265.59,15.0,1,40.38,0.0
1728,3456.0,3488.0,32.0,306.34,0.0,0,13.74,0.0
1717,3434.0,3489.0,55.0,646.43,4.0,1,25.9,0.0
1722,3444.0,3493.0,49.0,533.01,0.0,0,24.84,0.0
1714,3428.0,3496.0,68.0,639.99,1.0,1,17.75,0.0
1720,3440.0,3496.0,56.0,537.52,0.0,0,19.59,0.0
1707,3414.0,3498.0,84.0,976.36,0.0,0,23.1,0.0
1726,3452.0,3503.0,51.0,537.11,1.0,1,25.77,0.0
1703,3406.0,3506.0,100.0,1380.62,0.0,0,20.61,0.0
1736,3473.0,3508.0,35.0,386.34,0.0,0,8.16,1.0
1738,3476.0,3511.0,35.0,414.08,0.0,0,12.98,0.0
1721,3442.0,3512.0,70.0,419.29,16.0,2,40.89,0.0
1652,3304.0,3516.0,212.0,1839.76,23.0,2,62.98,0.0
1753,3506.0,3516.0,10.0,63.83,0.0,0,3.83,0.0
1735,3470.0,3517.0,47.0,689.94,0.0,0,16.44,0.0
1740,3480.0,3517.0,37.0,481.79,0.0,0,12.81,0.0
1745,3490.0,3517.0,27.0,418.76,0.0,0,6.8,0.0
1709,3418.0,3519.0,101.0,1122.71,0.0,0,19.16,0.0
1739,3478.0,3519.0,41.0,494.38,0.0,0,15.11,0.0
1733,3466.0,3522.0,56.0,668.27,0.0,0,9.19,0.0
1747,3495.0,3523.0,28.0,344.55,0.0,0,5.3,1.0
1751,3502.0,3525.0,23.0,259.31,0.0,0,8.37,0.0
1719,3438.0,3527.0,89.0,1046.09,0.0,0,11.08,0.0
1746,3492.0,3528.0,36.0,431.12,0.0,0,14.53,0.0
1741,3482.0,3530.0,48.0,486.97,0.0,0,10.63,0.0
1754,3508.0,3531.0,23.0,259.31,0.0,0,9.64,0.0
1752,3504.0,3532.0,28.0,344.55,0.0,0,7.06,0.0
1744,3488.0,3534.0,46.0,480.98,0.0,0,18.57,0.0
1734,3468.0,3538.0,70.0,255.05,23.0,1,49.94,0.0
1725,3450.0,3540.0,90.0,689.48,12.0,3,40.46,0.0
1729,3458.0,3540.0,82.0,416.38,35.0,1,45.19,0.0
1737,3474.0,3540.0,66.0,761.05,1.0,1,17.89,0.0
1762,3524.0,3540.0,16.0,135.14,0.0,0,3.73,0.0
1692,3384.0,3542.0,158.0,1432.2,21.0,2,60.78,0.0
1727,3454.0,3542.0,88.0,646.43,27.0,3,57.76,0.0
1759,3518.0,3543.0,25.0,424.73,0.0,0,6.28,0.0
1761,3522.0,3544.0,22.0,163.29,0.0,0,6.33,0.0
1718,3436.0,3545.0,109.0,1419.58,0.0,0,22.55,0.0
1748,3496.0,3545.0,49.0,494.38,0.0,0,24.76,0.0
1730,3460.0,3552.0,92.0,1130.89,0.0,0,8.95,0.0
1742,3484.0,3554.0,70.0,655.48,3.0,1,20.58,0.0
1763,3526.0,3560.0,34.0,307.01,0.0,0,14.95,0.0
1772,3544.0,3564.0,20.0,278.16,0.0,0,5.53,0.0
1731,3463.0,3565.0,102.0,1386.97,0.0,0,17.59,1.0
1749,3498.0,3565.0,67.0,554.83,0.0,0,5.94,0.0
1758,3516.0,3569.0,53.0,344.55,22.0,1,33.23,0.0
1757,3516.0,3570.0,54.0,362.46,5.0,1,30.73,2.0
1732,3466.0,3576.0,110.0,1423.35,4.0,1,28.52,2.0
1771,3542.0,3576.0,34.0,309.74,0.0,0,15.37,0.0
1767,3534.0,3580.0,46.0,494.01,0.0,0,18.69,0.0
1787,3574.0,3581.0,7.0,48.75,0.0,0,2.99,0.0
1781,3562.0,3585.0,23.0,259.31,0.0,0,9.93,0.0
1760,3521.0,3588.0,67.0,332.71,24.0,2,46.05,1.0
1789,3579.0,3589.0,10.0,102.07,0.0,0,4.75,1.0
1785,3570.0,3592.0,22.0,242.31,0.0,0,3.95,0.0
1779,3558.0,3596.0,38.0,325.93,3.0,1,18.94,0.0
